시도코드,시도명,시군구코드,시군구명,시설명,전화번호,우편번호,시설주소,시설상세주소,주요종목코드,주요종목명,시설좌표경도,시설좌표위도,강좌구분,강좌종목명,강좌명,장애인전용
11,서울,11320,도봉구,은지아동발달센터,29561723,1328,"서울특별시 도봉구 도봉로154길 23 (도봉동, 신성빌딩)",신성빌딩 4/5층,22,태권도,127.045434,37.6714115,장애인강좌,,,0
11,서울,11590,동작구,태권박사&스포츠짐,264053023,6965,서울특별시 동작구 상도로34길 36-10,"지2층(상도동, 대흥빌딩근생및도시형주택(원룸))",22,태권도,126.9447745,37.5036619,장애인강좌,,,0
11,서울,11410,서대문구,국가대표튼튼태권도,23913376,3604,서울특별시 서대문구 홍은중앙로 89,3층 국가대표튼튼태권도(홍은동),22,태권도,126.9473706,37.5990313,장애인강좌,,,0
11,서울,11230,동대문구,트리플에이짐,233904450,2492,서울특별시 동대문구 서울시립대로 155,"면전빌딩 2,3층(전농동)",25,헬스,127.0540788,37.5838798,장애인강좌,,,0
11,서울,11350,노원구,동천재활체육센터,29499114,1747,서울특별시 노원구 노원로18길 41,동천재활체육센터(하계동),21,탁구,127.0728729,37.6445781,장애인강좌,,,1
11,서울,11740,강동구,상일유도스쿨,24269759,5284,서울특별시 강동구 상암로 425,2층(상일동),17,유도,127.1698204,37.5458282,장애인강좌,,,0
11,서울,11305,강북구,펀치라인복싱,29911388,1038,서울특별시 강북구 삼양로 472,2층 펀치라인복싱(수유동),76,복싱,127.015806,37.6453913,장애인강좌,,,0
11,서울,11590,동작구,국심검도관,25846820,7011,서울특별시 동작구 사당로16길 7,4층 국심검도관(사당동),25,헬스,126.9740559,37.483031,장애인강좌,,,0
11,서울,11260,중랑구,플로어엑스,,2138,서울특별시 중랑구 봉우재로 113,지하1층(상봉동),3,기타종목,127.0855889,37.5927271,장애인강좌,,,0
11,서울,11410,서대문구,피트니스더블유,23039755,3692,서울특별시 서대문구 증가로 133,3층(남가좌동),25,헬스,126.9226367,37.577352,장애인강좌,,,0
11,서울,11680,강남구,대치통합발달심리센터,,6205,서울특별시 강남구 선릉로 320,성진빌딩 지하1층,3,기타종목,127.0522104,37.4982857,장애인강좌,,,0
11,서울,11500,강서구,코끼리아동청소년발달센터(강서지점),226667942,7631,서울특별시 강서구 공항대로 190,푸리마타워 5층 501호 코끼리아동청소년발달센터(마곡동),3,기타종목,126.8286371,37.5590423,장애인강좌,,,0
11,서울,11305,강북구,백두산K타이거즈태권도,262213030,1230,서울특별시 강북구 한천로105길 33,유치원상가 2층 백두산K타이거즈태권도(번동),22,태권도,127.0458623,37.6255267,장애인강좌,,,0
11,서울,11440,마포구,마포구청 당구아카데미,231539875,3937,서울특별시 마포구 월드컵로 212,11층 생활체육과(성산동),3,기타종목,126.901491,37.5663245,장애인강좌,,,0
11,서울,11305,강북구,국심검도관(대무관),29888844,1222,서울특별시 강북구 월계로13길 7,B1(미아동),1,검도,127.0345366,37.6116915,장애인강좌,,,0
11,서울,11740,강동구,대동도장,24753577,5317,서울시 강동구 천중로29길 32,2층,3,기타종목,127.1371344,37.5430691,장애인강좌,,,0
11,서울,11200,성동구,금빛호수 태권도,222322073,4724,서울특별시 성동구 동호로 102,상가동 604호 금빛호수 태권도(금호동3가),22,태권도,127.0164321,37.5488915,장애인강좌,,,0
11,서울,11500,강서구,파이널유도멀티짐,262046565,7786,서울특별시 강서구 등촌로 17,3층(화곡동),17,유도,126.8634675,37.5315894,장애인강좌,,,0
11,서울,11260,중랑구,천마유도체육관,24338031,2237,서울특별시 중랑구 면목로39길 23,지층(면목동),17,유도,127.0860682,37.5798103,장애인강좌,,,0
11,서울,11545,금천구,금천장애인종합복지관,269128000,8604,서울특별시 금천구 시흥대로101길 17,금천장애인종합복지관(독산동),21,탁구,126.8963477,37.4639858,장애인강좌,,,0
11,서울,11500,강서구,기쁜우리체육센터,236638114,7524,"서울특별시 강서구 허준로 65 (가양동, 기쁜우리복지관,체육센터)",기쁜우리체육센터,12,수영,126.8487793,37.5693631,장애인강좌,,,1
11,서울,11350,노원구,하늘꿈아동발달센터,29746007,1809,서울특별시 노원구 공릉로58길 112,"201, 302호(하계동, 순흥빌라트)",3,기타종목,127.0746945,37.6357267,장애인강좌,,,0
11,서울,11380,은평구,다솜운동발달센터,23545943,3459,서울특별시 은평구 서오릉로 31,4층 다솜운동발달센터(녹번동),3,기타종목,126.9248434,37.6037688,장애인강좌,,,0
11,서울,11590,동작구,한국체대 용호 태권도,28133667,7035,서울특별시 동작구 양녕로30길 4,한국체대 용호 태권도(상도동),22,태권도,126.9445081,37.4992325,장애인강좌,,,0
11,서울,11590,동작구,사단법인 글로벌보치아센터,262647390,7072,서울특별시 동작구 신대방1가길 38,"105-207,208(신대방동, 동작상떼빌아파트)",3,기타종목,126.9067147,37.4876928,장애인강좌,,,0
11,서울,11500,강서구,해맑은태권도장,220650887,7717,서울특별시 강서구 강서로31길 52,2층 해맑은태권도장(화곡동),22,태권도,126.8387779,37.5393275,장애인강좌,,,0
11,서울,11200,성동구,팀키스,222350904,4724,서울특별시 성동구 동호로 100,"상가4층 팀키스(금호동3가, 두산아파트)",25,헬스,127.0164657,37.5506428,장애인강좌,,,0
11,서울,11710,송파구,해동검도 서울시협회,24063705,5799,서울특별시 송파구 새말로 154,4층 해동검도체육관(문정동),1,검도,127.1306209,37.4844002,장애인강좌,,,0
11,서울,11320,도봉구,함께가자아동발달센터,263497575,1384,서울특별시 도봉구 방학로 165,3층 운동실(방학동),3,기타종목,127.0338319,37.6622097,장애인강좌,,,0
11,서울,11305,강북구,함께가자아동발달센터,263267575,1048,강북구 한천로 1108-1,은승빌딩 4층,3,기타종목,127.0210433,37.6444276,장애인강좌,,,0
11,서울,11260,중랑구,원광장애인종합복지관,24382691,2069,서울특별시 중랑구 신내로 56,원광장애인종합복지관(신내동),7,댄스,127.0959641,37.604429,장애인강좌,,,0
11,서울,11410,서대문구,서대문복싱클럽,23127989,3734,서울특별시 서대문구 통일로 189-1,4층(영천동),76,복싱,126.9618596,37.5703388,장애인강좌,,,0
11,서울,11740,강동구,필라테스엠고덕역점,234271777,5269,서울특별시 강동구 동남로75길 13-15,4층 필라테스(명일동),79,필라테스,127.1555201,37.5536302,장애인강좌,,,0
11,서울,11380,은평구,에블봄,275760828,3452,서울 은평구 가좌로 306,5층 501호,22,태권도,126.9111651,37.5952017,장애인강좌,,,0
11,서울,11350,노원구,OB탁구회관,29317070,1756,서울시 노원구 동일로 1370,현대프라자 지하 1층,21,탁구,127.0618793,37.6509222,장애인강좌,,,0
11,서울,11320,도봉구,창동문화체육센터,29015200,1412,서울특별시 도봉구 노해로69길 132,창동문화체육센터(창동),25,헬스,127.0507054,37.6581174,장애인강좌,,,0
11,서울,11380,은평구,서부재활체육센터,23886622,3428,서울시 은평구 갈현로 11길 30,191-1 서부재활체육센터,25,헬스,126.9075445,37.6051727,장애인강좌,,,1
11,서울,11500,강서구,TIA 태권도,226968374,7673,서울특별시 강서구 화곡로 270,2층(화곡동),22,태권도,126.8472336,37.5486387,장애인강좌,,,0
11,서울,11545,금천구,TOP용인대박사태권도,28981551,8599,서울특별시 금천구 한내로 62,"독산한신아파트상가 3층 TOP용인대박사태권도(독산동, 한신아파트)",22,태권도,126.8897219,37.4558526,장애인강좌,,,0
11,서울,11560,영등포구,서울시립영등포장애인복지관,236677979,7254,서울특별시 영등포구 버드나루로 22,(영등포동2가),78,요가,126.9129084,37.520858,장애인강좌,,,0
11,서울,11440,마포구,서교휘트니스,23248776,4030,서울특별시 마포구 잔다리로 78,지하1층 서교휘트니스(서교동),25,헬스,126.9164321,37.5545258,장애인강좌,,,0
11,서울,11740,강동구,멘토태권키즈짐,24278585,5285,서울특별시 강동구 상일로12길 99,리엔프라자 303(강일동),22,태권도,127.1729373,37.5568528,장애인강좌,,,0
11,서울,11350,노원구,서울특별시립노원시각장애인복지관,29500190,1772,서울특별시 노원구 덕릉로70가길 98,4층 통합사무실(상계동),78,요가,127.0565193,37.642085,장애인강좌,,,0
11,서울,11230,동대문구,레전드복싱체육관,222440012,2637,서울특별시 동대문구 장한로26길 24,2층(장안동),76,복싱,127.0729639,37.5714899,장애인강좌,,,0
11,서울,11410,서대문구,서울특별시서대문구도시관리공단,23608686,3657,서울특별시 서대문구 백련사길39,서대문문화체육회관,12,수영,126.9315574,37.5807597,장애인강좌,,,0
11,서울,11350,노원구,석사월드태권도장,262877856,1782,서울특별시 노원구 동일로 1280,상가2층(중계동),22,태권도,127.0657465,37.6434986,장애인강좌,,,0
11,서울,11440,마포구,마포장애인종합복지관,23066212,3965,서울특별시 마포구 성산로 128,마포장애인종합복지관(성산동),3,기타종목,126.9082019,37.5637955,장애인강좌,,,0
11,서울,11410,서대문구,매직짐,23798815,3628,서울특별시 서대문구 통일로 484,유진상가2층 매직짐(홍제동),25,헬스,126.9429917,37.5915888,장애인강좌,,,0
11,서울,11230,동대문구,최강합기도,222471230,2643,서울특별시 동대문구 장한로12길 48,2층(장안동),75,합기도,127.0702222,37.5649285,장애인강좌,,,0
11,서울,11380,은평구,종합무예영무관,23836433,3329,서울특별시 은평구 갈현로 276,2층(갈현동),75,합기도,126.916908,37.6215047,장애인강좌,,,0
11,서울,11410,서대문구,거산MMA태권도장,232751212,3619,서울시 서대문구 세검정로 89,MKA빌딩 2층,3,기타종목,126.9486773,37.5957705,장애인강좌,,,0
11,서울,11530,구로구,수카건강플러스센터,,8343,서울특별시 구로구 오류로 54,(오류동),78,요가,126.8400662,37.4895937,장애인강좌,,,0
11,서울,11410,서대문구,스타칼리,23796399,3628,서울특별시 서대문구 통일로 472,1~5층(홍제동),25,헬스,126.9427451,37.5905027,장애인강좌,,,0
11,서울,11680,강남구,SDTA태권도교육관,234110712,6342,서울특별시 강남구 양재대로55길 31,동성빌딩5층(일원동),22,태권도,127.0870125,37.4929303,장애인강좌,,,0
11,서울,11500,강서구,박사 경희대 태권도,220655599,7722,서울특별시 강서구 까치산로10길 73,2층(화곡동),22,태권도,126.847853,37.5408868,장애인강좌,,,0
11,서울,11410,서대문구,스타칼리 휘트니스,23968899,3646,서울특별시 서대문구 통일로 413,7층 스타칼리휘트니스(홍제동),25,헬스,126.9464449,37.5862021,장애인강좌,,,0
11,서울,11590,동작구,이소영탁구교실,28147110,6949,서울특별시 동작구 상도로15길 98,B1 이소영탁구교실(상도동),21,탁구,126.9361764,37.5042759,장애인강좌,,,0
11,서울,11140,중구,충무스포츠센터 ,222808400,4569,서울특별시 중구 퇴계로 387,충무스포츠센터(흥인동),25,헬스,127.0148052,37.5659304,장애인강좌,,,0
11,서울,11215,광진구,비룡체육관,24568885,4924,서울특별시 광진구 용마산로 45,3층 비룡체육관(중곡동),75,합기도,127.0877132,37.5575945,장애인강좌,,,0
11,서울,11440,마포구,마포푸르메스포츠센터,260709270,3918,서울특별시 마포구 월드컵북로 494,지하1층 마포푸르메스포츠센터(상암동),12,수영,126.8805264,37.5846589,장애인강좌,,,1
11,서울,11410,서대문구,삼성 태권도장,23758333,3686,서울시 서대문구 증가로 191,306~308호,22,태권도,126.9166617,37.5782468,장애인강좌,,,0
11,서울,11230,동대문구,제기동아태권도전문체육관,29676291,2470,서울특별시 동대문구 제기로 75-1,2층 동아체육관(청량리동),22,태권도,127.041589,37.5868527,장애인강좌,,,0
11,서울,11710,송파구,시립)서울곰두리체육센터,24046240,5725,서울시 송파구 동남로 271,서울곰두리체육센터 3층 사무실(오금동),73,야구,127.1354641,37.5004957,장애인강좌,,,1
11,서울,11215,광진구,정립회관,24461237,4958,서울 광진구 워커힐로 93,정립회관,12,수영,127.0976313,37.5510878,장애인강좌,,,1
11,서울,11530,구로구,우리들언어체육발달센터,220608075,8249,서울특별시 구로구 오리로 1298,궁전빌딩 4층(궁동),3,기타종목,126.829555,37.4972916,장애인강좌,,,0
11,서울,11410,서대문구,인왕체육관,23911984,3632,서울특별시 서대문구 통일로 410,3층(홍제동),22,태권도,126.9473403,37.5862113,장애인강좌,,,0
11,서울,11440,마포구,마크짐 망원점,23323630,3962,서울특별시 마포구 월드컵로 155,6층(망원동),25,헬스,126.9049244,37.5613848,장애인강좌,,,0
11,서울,11410,서대문구,용인대석사타이거K,23969123,3652,서울특별시 서대문구 연희로 283,3층용인대석사 타이거K 태권도장(홍은동),22,태권도,126.9359967,37.5823562,장애인강좌,,,0
11,서울,11500,강서구,용인대 호랑이태권도장,226473131,7668,서울특별시 강서구 등촌로39길 6,3층 용인대호랑이태권도장(등촌동),22,태권도,126.8620238,37.5455867,장애인강좌,,,0
11,서울,11350,노원구,킨더윌 언어심리 전문센터,29393421,1684,서울특별시 노원구 상계로23다길 13-8,"107호(상계동, 노원 아이파크)",3,기타종목,127.0694006,37.6598913,장애인강좌,,,0
11,서울,11410,서대문구,삼성골드스포츠클럽,23023114,3686,서울특별시 서대문구 증가로 191,"삼성골드스포츠클럽(남가좌동, DMC래미안클라시스)",12,수영,126.9166617,37.5782468,장애인강좌,,,0
11,서울,11410,서대문구,(주)스타칼리휘트니스,231414477,3726,서울특별시 서대문구 연희로 82,브라운스톤 지하1층 스타칼리휘트니스(연희동),25,헬스,126.9302083,37.5652128,장애인강좌,,,0
11,서울,11440,마포구,스마트짐,231510377,3941,서울특별시 마포구 월드컵북로 218,지층 헬스장(성산동),3,기타종목,126.9049975,37.569505,장애인강좌,,,0
11,서울,11230,동대문구,용두장안태권도,29230656,2574,서울특별시 동대문구 약령시로 18,3층 장안태권도(제기동),22,태권도,127.0318022,37.5825913,장애인강좌,,,0
11,서울,11410,서대문구,검수원검도관,23126343,3757,서울특별시 서대문구 북아현로4길 2,지층(북아현동),1,검도,126.9568277,37.5592341,장애인강좌,,,0
11,서울,11305,강북구,요가타운수유교육원,29087118,1074,서울특별시 강북구 도봉로 353,상목빌딩 5층(수유동),78,요가,127.0264545,37.6391326,장애인강좌,,,0
11,서울,11440,마포구,커브스망원클럽,23329930,3996,서울특별시 마포구 월드컵로 94,9층 커브스망원클럽(서교동),14,에어로빅,126.9094796,37.5571205,장애인강좌,,,0
11,서울,11590,동작구,요가블리스&필라테스 숭실대점,28141488,7027,서울특별시 동작구 상도로 379,3층 요가블리스앤필라테스 숭실대점(상도동),79,필라테스,126.9549874,37.4952765,장애인강좌,,,0
11,서울,11620,관악구,SRC스포츠센터,28718232,8709,서울시 관악구 보라매로 44,2층,12,수영,126.9274006,37.4931756,장애인강좌,,,1
11,서울,11110,종로구,좋은운동장 장애인스포츠 본점,27201002,3173,서울특별시 종로구 새문안로3길 36,"내수동 용비어천가 1830(내수동, 용비어천가)",3,기타종목,126.9733131,37.573359,장애인강좌,,,0
11,서울,11470,양천구,곰돌이발달지원센터,226422144,8086,서울특별시 양천구 은행정로 5,에벤에셀프라자314호(신정동),25,헬스,126.859586,37.5202096,장애인강좌,,,0
11,서울,11620,관악구,에이블키즈,269560034,8787,서울특별시 관악구 남부순환로218길 27,관전G타워 지하1층(봉천동),3,기타종목,126.9504891,37.4800389,장애인강좌,,,0
11,서울,11410,서대문구,에이스복싱,27230401,3630,서울특별시 서대문구 통일로 436,우원빌딩 4층 1호 에이스복싱(홍제동),76,복싱,126.9456465,37.5881465,장애인강좌,,,0
11,서울,11680,강남구,수서경희대태권도장,24595600,6349,서울특별시 강남구 밤고개로1길 22,401호 수서경희대태권도(수서동),22,태권도,127.1027166,37.4885272,장애인강좌,,,0
11,서울,11545,금천구,코끼리아동청소년발달센터,28932808,8584,서울특별시 금천구 시흥대로 399,5층 515호 코끼리아동청소년발달센터(독산동),3,기타종목,126.8970019,37.4693592,장애인강좌,,,0
11,서울,11380,은평구,크로스 복싱 클럽 ,23077982,3449,서울특별시 은평구 은평로 46,크로스 복싱클럽 5층(신사동),76,복싱,126.9131123,37.5983117,장애인강좌,,,0
11,서울,11215,광진구,광진발달장애인평생교육센터,24551221,5051,서울특별시 광진구 아차산로 390,제일빌딩 3-4층(자양동),10,볼링,127.0861555,37.5369205,장애인강좌,,,0
11,서울,11215,광진구,연세정훈태권도자양점,234090992,5090,서울특별시 광진구 능동로6길 14,b01호(자양동),22,태권도,127.0688106,37.5341776,장애인강좌,,,0
11,서울,11260,중랑구,용인대제일유도관,24335662,2138,서울특별시 중랑구 면목로 463,3층 용인대제일유도관(상봉동),17,유도,127.0861635,37.5931732,장애인강좌,,,0
11,서울,11530,구로구,구로구발달장애인평생교육센터,226859579,8275,서울특별시 구로구 안양천로 552,/ 4-5층 구로구발달장애인평생교육센터(고척동),3,기타종목,126.8681933,37.497138,장애인강좌,,,0
11,서울,11350,노원구,연세월드태권도,29332323,1601,서울특별시 노원구 누원로 22,403호(상계동),22,태권도,127.0530611,37.6871033,장애인강좌,,,0
11,서울,11620,관악구,타이거복싱체육관,28837080,8752,서울특별시 관악구 양녕로 13,3층 타이거복싱체육관(봉천동),76,복싱,126.9463088,37.4832657,장애인강좌,,,0
26,부산,26320,북구,WE토탈휘트니스,513322000,46566,부산광역시 북구 만덕2로 28,우리마트 2층 WE토탈휘트니스(만덕동),25,헬스,129.0375096,35.2106972,장애인강좌,,,0
26,부산,26530,사상구,모라검도관(대한검도회),23056070,46929,부산시 사상구 모라동 1367번지,3층/4층 모라검도관,1,검도,128.9905193,35.1871637,장애인강좌,,,0
26,부산,26320,북구,명성체육관,513337967,46596,부산광역시 북구 모분재로 15,2층(구포동),22,태권도,129.0063798,35.2059564,장애인강좌,,,0
26,부산,26350,해운대구,이룸특수체육연구소,517820977,48056,부산시 해운대구 재반로79,4층,3,기타종목,129.12565,35.1854419,장애인강좌,,,0
26,부산,26320,북구,손민영 탁구 클럽,23381700,46612,부산광역시 북구 은행나무로 10,",  88빌딩 4층(만덕동)",21,탁구,129.0373002,35.2086752,장애인강좌,,,0
26,부산,26350,해운대구,(주)하루하루움직임연구소,517461152,48092,부산광역시 해운대구 마린시티2로 2,1907호(우동),3,기타종목,129.1442096,35.15934,장애인강좌,,,0
26,부산,26320,북구,이지태권도장,513333525,46613,부산광역시 북구 덕천로 308,3층(만덕동),22,태권도,129.0376286,35.2092797,장애인강좌,,,0
26,부산,26320,북구,EG태권도,23333525,46613,부산광역시 북구 덕천로 308,농협3층MTA E.G태권도,22,태권도,129.0376286,35.2092797,장애인강좌,,,0
26,부산,26230,부산진구,JS운동발달센터,518075511,47123,부산광역시 부산진구 성지로 30-1,4층(연지동),3,기타종목,129.055123,35.1734793,장애인강좌,,,0
26,부산,26380,사하구,팀원짐,512924733,49340,부산광역시 사하구 낙동대로216번길 3,"1층 팀원짐(괴정동, 신화프라자)",25,헬스,128.9927104,35.1005403,장애인강좌,,,0
26,부산,26470,연제구,부산곰두리스포츠센터,515036363,47529,부산광역시 연제구 화지로 109,부산곰두리스포츠센터(거제동),12,수영,129.0657322,35.1852386,장애인강좌,,,1
26,부산,26470,연제구,거명체육관,28676403,47603,부산광역시 연제구 월드컵대로19번길 12,3층,3,기타종목,129.0850535,35.1762224,장애인강좌,,,0
26,부산,26320,북구,동아스포츠아카데미,,46508,부산광역시 북구 금곡대로550번길 30,3층 동아스포츠아카데미(금곡동),6,롤러인라인,129.0135246,35.2562837,장애인강좌,,,0
26,부산,26380,사하구,동아대부산체육관 괴정2동,512912876,49347,부산광역시 사하구 까치고개로 5,3층(괴정동),22,태권도,129.0032064,35.1034206,장애인강좌,,,0
26,부산,26230,부산진구,동아대박사한결태권도,518532372,47206,부산광역시 부산진구 동평로 350,7층 동아대박사한결태권도(양정동),22,태권도,129.0632378,35.1744982,장애인강좌,,,0
26,부산,26470,연제구,동아대mba태권도,518517300,47610,부산광역시 연제구 연수로 130,"상가B동 206,207(연산동, 연산더샵)",22,태권도,129.0845104,35.1736243,장애인강좌,,,0
26,부산,26320,북구,동아대 태권도,23359978,46542,부산광역시 북구 학사로17번가길 30,삼일빌등 2층 동아대태권도(화명동),22,태권도,129.0085046,35.2233492,장애인강좌,,,0
26,부산,26200,영도구,동삼태권도,514035969,49102,부산광역시 영도구 동삼로59번길 2,동삼태권도(동삼동),22,태권도,129.0699725,35.0788959,장애인강좌,,,0
26,부산,26260,동래구,동래스포츠클럽,515037612,47827,부산광역시 동래구 미남로 110,(온천동),12,수영,129.0698392,35.2036114,장애인강좌,,,0
26,부산,26440,강서구,고당산체육관,29731405,46702,부산광역시 강서구 공항로1309번길 160-1,고당산,22,태권도,128.9801277,35.2156333,장애인강좌,,,0
26,부산,26260,동래구,골든태권도장,515545550,47720,부산광역시 동래구 금강로 15,4층 골든태권도장(온천동),22,태권도,129.0727082,35.2127795,장애인강좌,,,0
26,부산,26500,수영구,라온태권도,519609411,48209,부산광역시 수영구 과정로41번길 65,(망미동),22,태권도,129.1038196,35.1751348,장애인강좌,,,0
26,부산,26320,북구,구포검도장 합기도,23345084,46624,부산광역시 북구 시랑로83번길 99,1층,75,합기도,129.0111226,35.1962686,장애인강좌,,,0
26,부산,26260,동래구,국민태권도,515248833,47774,부산광역시 동래구 명안로86번길 29,3층 국민태권도(명장동),22,태권도,129.106009,35.2040559,장애인강좌,,,0
26,부산,26710,기장군,행복요가원,517232320,46056,부산광역시 기장군 기장읍 차성동로 171,행복요가원,78,요가,129.2170273,35.253256,장애인강좌,,,0
26,부산,26350,해운대구,금강태권도,517832926,48030,부산광역시 해운대구 재반로 200-1,반여2동 1291-803번지 3층 금강태권도(반여동),22,태권도,129.1308324,35.1951307,장애인강좌,,,0
26,부산,26350,해운대구,해운대한마음스포츠센터,517090700,48075,"부산광역시 해운대구 세실로 175 (좌동, 한마음스포츠센터)",한마음스포츠센터,25,헬스,129.1766873,35.1803978,장애인강좌,,,1
26,부산,26410,금정구,금정국민체육센터,5151736935,46308,부산광역시 금정구 서부로 109 (부곡동),,25,헬스,129.0960171,35.219499,장애인강좌,,,0
26,부산,26260,동래구,해심검도관,515571112,47733,동래구 충렬대로 125번길 6,지하1층 해심검도관,1,검도,129.0745626,35.2061257,장애인강좌,,,0
26,부산,26380,사하구,해동검도 신평도장,512083155,49418,부산광역시 사하구 장평로 287,올마켓 위 큰나무정형외과 內 (신평동),1,검도,128.9728172,35.0919991,장애인강좌,,,0
26,부산,26320,북구,대천체육관,513653040,46516,부산광역시 북구 양달로 70,대광빌딩 5층 대천태권도(화명동),22,태권도,129.0208005,35.2439965,장애인강좌,,,0
26,부산,26350,해운대구,대한공수도(Karate),517448890,48101,부산광역시 해운대구 좌동순환로 506,501호(중동),3,기타종목,129.1687362,35.1661755,장애인강좌,,,0
26,부산,26290,남구,대연킴스볼링,26258704,48533,부산광역시 남구 석포로 116,대연킴스볼링장(대연동),10,볼링,129.0911815,35.1276846,장애인강좌,,,0
26,부산,26350,해운대구,더스포츠센터,515217100,48037,부산광역시 해운대구 선수촌로 122,"상가동 지하1층(반여동, 아시아선수촌아파트)",12,수영,129.1215294,35.203005,장애인강좌,,,0
26,부산,26320,북구,더짐피트니스,23389119,46650,부산광역시 북구 백양대로 1017,한성빌딩4층(구포동),79,필라테스,128.9945319,35.1967405,장애인강좌,,,0
26,부산,26320,북구,트윈스짐,513389679,46577,부산광역시 북구 만덕대로 52,3층 트윈스짐(덕천동),25,헬스,129.0104993,35.2111606,장애인강좌,,,0
26,부산,26320,북구,덕천이글스유도관 ,513385026,46601,부산광역시 북구 함박봉로7번길 49,2층,17,유도,129.0227081,35.211166,장애인강좌,,,0
26,부산,26470,연제구,토현탁구교실  ,252250062,47572,부산광역시 연제구 고분로236번길 86,지하1층 토현탁구교실(연산동),21,탁구,129.1077408,35.1805659,장애인강좌,,,0
26,부산,26380,사하구,태들보비전태권도,512631191,49459,부산광역시 사하구 서포로30번길 9,더스퀘어빌딩5층 태들보비전태권도(구평동),22,태권도,128.9859911,35.0823715,장애인강좌,,,0
26,부산,26470,연제구,연산장원태권도,28683688,47603,부산광역시 연제구 중앙천로 20,상가 3층 ,22,태권도,129.0837004,35.1767413,장애인강좌,,,0
26,부산,26200,영도구,영도국민체육센터,24050050,49114,부산광역시 영도구 함지로79번길 6,영도국민체육센터,12,수영,129.0663893,35.0752297,장애인강좌,,,0
26,부산,26320,북구,커브스화명,513611881,46525,부산광역시 북구 금곡대로303번길 2,603호  커브스(화명동),25,헬스,129.0134842,35.2356469,장애인강좌,,,0
26,부산,26320,북구,에스짐,513434111,46555,부산광역시 북구 의성로 91,3층(덕천동),25,헬스,129.0107133,35.2125365,장애인강좌,,,0
26,부산,26530,사상구,엄궁체육관,513221504,47039,부산광역시 사상구 낙동대로776번길 40,515-5    1층엄궁체육관(엄궁동),22,태권도,128.973141,35.1289079,장애인강좌,,,0
26,부산,26500,수영구,어울림특수체육센터,517512722,48299,부산광역시 수영구 수영로 540번길 66,어울림특수체육센터,73,야구,129.1157368,35.153094,장애인강좌,,,0
26,부산,26320,북구,용인대W복싱짐,513610977,46528,부산광역시 북구 금곡대로 344,지하1층 W복싱짐(화명동),76,복싱,129.0144372,35.2391147,장애인강좌,,,0
26,부산,26350,해운대구,아트댄스스포츠학원,516212789,48111,부산광역시 해운대구 해운대로 802,b동 5층 523호(좌동),7,댄스,129.1766569,35.1691635,장애인강좌,,,0
26,부산,26170,동구,자연체육관,514684105,48815,부산광역시 동구 초량중로 78,3층 자연태권도장(초량동),22,태권도,129.0393062,35.1186188,장애인강좌,,,0
26,부산,26260,동래구,아쿠아대중탕헬스,25276999,47752,부산광역시 동래구 충렬사로 62,아쿠아대중탕헬스,25,헬스,129.0994377,35.2041047,장애인강좌,,,0
26,부산,26350,해운대구,장산아이즈연구소,517027585,48111,부산광역시 해운대구 해운대로 814,세종월드프라자 B동 4층(좌동),3,기타종목,129.1776778,35.1695768,장애인강좌,,,0
26,부산,26200,영도구,아리랑멋송천태권도장,514045562,49097,부산광역시 영도구 동삼동로 5,2층(동삼동),22,태권도,129.0713161,35.0815926,장애인강좌,,,0
26,부산,26350,해운대구,아리랑 멋 제일태권도장,515452600,48007,부산시 해운대구 윗반송로 77번지,3층,22,태권도,129.1572069,35.2309052,장애인강좌,,,0
26,부산,26410,금정구,점프키즈센터,515822569,46234,부산광역시 금정구 금샘로 561-1,,12,수영,129.0848365,35.2725516,장애인강좌,,,0
26,부산,26320,북구,승리마루백양태권도장,513310030,46611,부산광역시 북구 덕천로276번길 60,"316호(만덕동, 백양산동문굿모닝힐)",22,태권도,129.032675,35.207631,장애인강좌,,,0
26,부산,26350,해운대구,스타체육관,515318747,48037,부산광역시 해운대구 반여로 131,상가동 412호 스타체육관(반여동),22,태권도,129.1234496,35.2034393,장애인강좌,,,0
26,부산,26260,동래구,주식회사 더나아짐,515588823,47813,부산광역시 동래구 명륜로112번길 108,1층2층3층,75,합기도,129.088744,35.2024051,장애인강좌,,,0
26,부산,26500,수영구,센텀영어태권도,517555008,48222,부산광역시 수영구 수영로 757,유니온코지 빌딩 3층(수영동),22,태권도,129.1219977,35.1674594,장애인강좌,,,0
26,부산,26110,중구,중구 웰빙체육관,24646565,48905,부산광역시 중구 영주로 89,중구웰빙체육관,25,헬스,129.0316368,35.1148136,장애인강좌,,,0
26,부산,26320,북구,지젤피트니스클럽,513650060,46526,부산광역시 북구 화명대로 32,다운타운프라자8층(화명동),25,헬스,129.0115023,35.234567,장애인강좌,,,0
26,부산,26380,사하구,서부산권장애인스포츠센터,512037780,49300,부산광역시 사하구 낙동남로 1233번길 20,서부산권장애인스포츠센터,12,수영,128.9469415,35.1094203,장애인강좌,,,1
26,부산,26140,서구,서구장애인복지관,512423930,49220,부산광역시 서구 보수대로154번길 36,서구장애인복지관(동대신동1가),3,기타종목,129.023522,35.1106711,장애인강좌,,,0
26,부산,26320,북구,새론스포텍스쿼시,23315608,46524,부산광역시 북구 금곡대로303번길 61,새론타워 7층(화명동),13,스쿼시,129.0102903,35.2356442,장애인강좌,,,0
26,부산,26380,사하구,새로운우리세상부영체육관,22938827,49361,부산광역시 사하구 감천로21번길 35,"상가 303호 부영태권도(감천동, 부영벽산파라빌)",22,태권도,128.9956938,35.0940161,장애인강좌,,,0
26,부산,26320,북구,맑은샘헬스클럽,513388801,46621,부산광역시 북구 시랑로79번길 17,1222-24(구포동),25,헬스,129.0071777,35.1990771,장애인강좌,,,0
26,부산,26260,동래구,충렬탁구교실,515225300,47781,부산광역시 동래구 명장로20번길 84,삼성타운상가401호(명장동),21,탁구,129.1004615,35.2025131,장애인강좌,,,0
26,부산,26350,해운대구,사단법인해운대구스포츠클럽,517173445,48000,부산광역시 해운대구 반송로 853,해운대구건강증진센터(반송동),25,헬스,129.1478997,35.2300562,장애인강좌,,,0
26,부산,26320,북구,비타민헬스크럽,23389119,46650,부산광역시 북구 백양대로 1017,한성빌딩 5층(구포동),25,헬스,128.9945319,35.1967405,장애인강좌,,,0
26,부산,26710,기장군,리복싱 스포츠센터,517241279,46061,"부산광역시 기장군 기장읍 차성로 332 (동부리, 애견사랑)",3층,76,복싱,129.2139765,35.2471115,장애인강좌,,,0
26,부산,26320,북구,북구국민체육센터,513657070,46534,부산광역시 북구 화명대로94번길 83,(화명동),25,헬스,129.017725,35.231893,장애인강좌,,,0
26,부산,26380,사하구,(사)신나는사상스포츠클럽,23197330,47022,부산광역시 사상구 가야대로 196번길 51,다누림센터,9,배드민턴,128.9950795,35.1473936,장애인강좌,,,0
26,부산,26350,해운대구,반송월드태권도,515435658,48009,부산광역시 해운대구 신반송로 171,"삼한그린타운 상가동 205호(반송동, 삼한그린타운)",22,태권도,129.1607171,35.2276246,장애인강좌,,,0
26,부산,26350,해운대구,원호태권도,517825493,48025,부산광역시 해운대구 재반로256번길 32,원호태권도(반여동),22,태권도,129.1333036,35.1997874,장애인강좌,,,0
27,대구,27200,남구,효승검도관,534715959,42515,대구광역시 남구 효성로 58,지하1층 효승검도관(봉덕동),1,검도,128.598961,35.8383842,장애인강좌,,,0
27,대구,27230,북구,북구 푸름태권도장,533215870,41460,대구광역시 북구 칠곡중앙대로80길 24,2층 201호(태전동),22,태권도,128.5507345,35.9302414,장애인강좌,,,0
27,대구,27260,수성구,체력100그룹트레이닝센터,537812758,42219,대구광역시 수성구 용학로 198,지산빌딩 5층(지산동),79,필라테스,128.6301437,35.8217214,장애인강좌,,,0
27,대구,27260,수성구,체력100그룹트레이닝센터,537812758,42219,대구 수성구 용학로 198,지산빌딩5층,25,헬스,128.6301437,35.8217214,장애인강좌,,,0
27,대구,27170,서구,국민대유진관,25563216,41825,대구광역시 서구 국채보상로52길 7,2층 국민대유진관(평리동),75,합기도,128.5599152,35.8706155,장애인강좌,,,0
27,대구,27260,수성구,범일태권도체육관,27845070,42242,대구광역시 수성구 범안로 40,"대구수성구범안로40 208동201호(범물동, 범물청아타운)",22,태권도,128.6413893,35.8165059,장애인강좌,,,0
27,대구,27710,달성군,리더스복싱다이어트,,42946,대구광역시 달성군 화원읍 성화로4길 11,리더스복싱다이어트,76,복싱,128.4910671,35.8016983,장애인강좌,,,0
27,대구,27200,남구,곰두리탁구클럽,534749161,42433,대구광역시 남구 대봉로 162,지하 곰두리탁구클럽(이천동),21,탁구,128.6030431,35.8532959,장애인강좌,,,0
27,대구,27200,남구,대구광역시지적발달장애인복지협회 달성군지부,536442356,42411,대구광역시 남구 중앙대로 219,"특수통합교육관 다목적실 1, 2(대명동)",3,기타종목,128.5889174,35.8530252,장애인강좌,,,0
27,대구,27170,서구,백파태권도,533586362,41729,대구광역시 서구 달서천로83길 23,2층 백파태권도(원대동3가),22,태권도,128.578346,35.8837554,장애인강좌,,,0
27,대구,27290,달서구,요가&커피,,42781,대구광역시 달서구 월배로 175,(우리빌딩) 5층 503호 [요가앤커피](상인동),78,요가,128.5327463,35.8175638,장애인강좌,,,0
27,대구,27290,달서구,골드짐헬스클럽,536310103,42814,대구광역시 달서구 상화북로 180,쌍봉빌딩 7층 골드짐 헬스클럽(상인동),25,헬스,128.5456655,35.8125022,장애인강좌,,,0
27,대구,27110,중구,고봉산업서문목욕탕(시민헬스),535219094,41925,대구광역시 중구 달성공원로 2,시민사우나헬스(대신동),25,헬스,128.5797871,35.8707592,장애인강좌,,,0
27,대구,27260,수성구,이즈원수중운동연구소,537217795,42033,대구광역시 수성구 무열로 189,1층 이즈원수중운동연구소(만촌동),12,수영,128.6457831,35.8748258,장애인강좌,,,0
27,대구,27230,북구,어울림태권도장,533228128,41450,대구광역시 북구 영송로 65,관음타운 상가 2층 어울림태권도장(태전동),22,태권도,128.544259,35.9312076,장애인강좌,,,0
27,대구,27170,서구,백산태권도장,533589793,41709,대구광역시 서구 서대구로63안길 2,1층 백산태권도장(비산동),22,태권도,128.5565724,35.8866934,장애인강좌,,,0
27,대구,27260,수성구,클락해치트레이닝센터,537598999,42037,대구광역시 수성구 화랑로 98,바른등빌딩 2층(만촌동),25,헬스,128.6376026,35.8723922,장애인강좌,,,0
27,대구,27290,달서구,계명대효신태권도,536432626,42814,대구광역시 달서구 상화북로 196,상가 105동 201호(상인동.제림아파트),22,태권도,128.5478035,35.8136317,장애인강좌,,,0
27,대구,27200,남구,알스퀘어컴퍼니㈜,536270500,42485,대구광역시 남구 대명로 124,"3,4층클락해치휘트니스센터",25,헬스,128.5709,35.839057,장애인강좌,,,0
27,대구,27290,달서구,모던볼링클리닉센터,535225808,42633,"대구광역시 달서구 달구벌대로 1545 (죽전동, 골든뷰메디타워)",골든뷰12층,10,볼링,128.5360949,35.8503551,장애인강좌,,,0
27,대구,27260,수성구,캐슬태권도체육관,537677312,42113,대구광역시 수성구 청수로 235,"종합상가동 220호,221호(황금동, 캐슬골드파크 2단지)",22,태권도,128.6340169,35.8418807,장애인강좌,,,0
27,대구,27290,달서구,밥스포츠스쿨,536356231,42781,대구광역시 달서구 월배로 219,센트로타워 지하1층(상인동),3,기타종목,128.5370929,35.819106,장애인강좌,,,0
27,대구,27260,수성구,으뜸태권도,537515697,42133,대구광역시 수성구 수성로 266,2층 으뜸태권도(중동),22,태권도,128.6133396,35.8491819,장애인강좌,,,0
27,대구,27710,달성군,아이비 태권도 테크노 지점,536279400,43018,대구광역시 달성군 유가읍 테크노상업로 100,6층 601호,22,태권도,128.460505,35.6932523,장애인강좌,,,0
27,대구,27710,달성군,비천관위너합기도,536144144,42980,대구광역시 달성군 논공읍 논공로21길 15,가동 201호(평광현대APT),75,합기도,128.4435226,35.7308358,장애인강좌,,,0
27,대구,27230,북구,재단법인 행복북구문화재단,533205120,41447,대구광역시 북구 구암로 47,어울아트센터 문화동1층 문화사업본부(관음동),25,헬스,128.5466403,35.9347671,장애인강좌,,,0
27,대구,27140,동구,바니댄스학원,539587666,41184,대구광역시 동구 동북로 413,2층 바니댄스학원(신암동),7,댄스,128.6326526,35.8861543,장애인강좌,,,0
27,대구,27260,수성구,시지탁구클럽(시지),537925404,42268,대구광역시 수성구 달구벌대로 3163,지하1층 시지탁구클럽(매호동),21,탁구,128.703257,35.8416233,장애인강좌,,,0
27,대구,27260,수성구,시지검도교실(스포츠심리교실),532642900,42268,대구광역시 수성구 고산로 121-21,시지검도교실(매호동),1,검도,128.7036498,35.8418885,장애인강좌,,,0
27,대구,27260,수성구,정석태권도교육관,537515333,42136,대구광역시 수성구 명덕로76길 74,3층 즐거운정석태권도(수성동1가),22,태권도,128.6114382,35.8512296,장애인강좌,,,0
27,대구,27110,중구,동산볼링장,532563030,41931,"대구광역시 중구 달성로 10 (동산동, 동산빌딩)",지하1층,10,볼링,128.5827882,35.8659597,장애인강좌,,,0
27,대구,27260,수성구,정훈검도관,537559991,42039,대구광역시 수성구 국채보상로 985,지하1층(만촌동),1,검도,128.6383074,35.8667388,장애인강좌,,,0
27,대구,27230,북구,윤주현우슈쿵푸아카데미,539525434,41412,대구광역시 북구 동변로 104,3층(동변동),3,기타종목,128.6018494,35.9213018,장애인강좌,,,0
27,대구,27140,동구,건영태권도,539514441,41214,대구광역시 동구 신암남로 50,"301호(신암동, 신암건영캐스빌)",22,태권도,128.6204608,35.878286,장애인강좌,,,0
27,대구,27170,서구,대평체육관,535586574,41770,대구광역시 서구 문화로49길 31,3층 대평태권도,22,태권도,128.559009,35.8784741,장애인강좌,,,0
27,대구,27140,동구,주식회사 비위더스,22675008,41102,대구광역시 동구 율하동로 50,4층 비위더스(율하동),3,기타종목,128.7014868,35.8638567,장애인강좌,,,0
27,대구,27230,북구,수룡관합기도 유림합기스쿨,533141236,41471,대구광역시 북구 매전로 78,대성빌딩 3층(태전동),75,합기도,128.5468466,35.9125772,장애인강좌,,,0
27,대구,27710,달성군,비슬승마체험장,536148765,42972,대구광역시 달성군 옥포읍 비슬로468길 43,비슬승마체험장,71,승마,128.4765835,35.7887664,장애인강좌,,,0
27,대구,27290,달서구,주식회사 한국파릇하우스,536321107,42732,대구광역시 달서구 학산로 17,402호(월성동),3,기타종목,128.531097,35.8275367,장애인강좌,,,0
27,대구,27230,북구,브로인제이태전점,539552445,41467,대구광역시 북구 학정로 149,4층 브로인제이 피트니스(태전동),25,헬스,128.5510418,35.9212562,장애인강좌,,,0
27,대구,27140,동구,강호합기도본관(지저동),539830400,41044,대구광역시 동구 해동로 25,새마을금고 4층 강호합기도(지저동),75,합기도,128.6378647,35.8955777,장애인강좌,,,0
27,대구,27260,수성구,세계태권도,537815020,42198,수성구 범물동 1277-8,"대구광역시 수성구 지범로39길 11-12,3층 ",22,태권도,128.6413147,35.8210443,장애인강좌,,,0
27,대구,27290,달서구,성산태권도,25864330,42606,대구광역시 달서구 선원로 241,"상가2,3층 성산태권도(용산동, 성서2차보성타운)",22,태권도,128.5187053,35.8594586,장애인강좌,,,0
27,대구,27230,북구,강호합기도,539540400,41527,대구광역시 북구 복현로 71,"1단지 상가 5층(복현동, 복현블루밍브라운스톤 명문세가아파트)",75,합기도,128.6234183,35.8975833,장애인강좌,,,0
27,대구,27230,북구,바른체형용수합기도,532418253,41419,대구광역시 북구 학남로17길 12,1층 용수합기도(국우동),75,합기도,128.5707807,35.9446286,장애인강좌,,,0
27,대구,27230,북구,강북유소년스포츠센터,,41422,대구광역시 북구 동암로12길 17,2층(동천동),20,축구,128.5568299,35.9434238,장애인강좌,,,0
27,대구,27230,북구,강북아동발달센터,533117585,41424,북구 학정로 436,DN트윈스빌딩4층,3,기타종목,128.5640838,35.9434572,장애인강좌,,,0
27,대구,27200,남구,TBC당구장,22917022,42474,대구광역시 남구 대명로 133,2층 TBC당구장(대명동),3,기타종목,128.5724196,35.8396457,장애인강좌,,,0
27,대구,27140,동구,바트리움운동케어,539659899,41067,대구광역시 동구 이노밸리로36길 13,401/402 바트리움운동케어(각산동),25,헬스,128.7153175,35.877683,장애인강좌,,,0
27,대구,27230,북구,산격태권도,539411010,41537,대구광역시 북구 산격로 49,3층(산격동),22,태권도,128.6050805,35.895101,장애인강좌,,,0
27,대구,27710,달성군,합기도 비천관,536144144,42985,대구광역시 달성군 논공읍 남리3길 2,남1리 617-43,75,합기도,128.4502319,35.7238859,장애인강좌,,,0
27,대구,27290,달서구,해동검도,536338304,42749,대구광역시 달서구 학산남로 6,2층 해동검도(상인동),1,검도,128.5336225,35.823283,장애인강좌,,,0
27,대구,27200,남구,남도석사태권도장,536544624,42419,대구광역시 남구 현충로 140,2층 남도석사태권도장(대명동),22,태권도,128.5802577,35.8451926,장애인강좌,,,0
27,대구,27110,중구,한명검도관,532539974,41975,대구광역시 중구 남산로 61,5층  한명검도관(남산동),1,검도,128.5821208,35.8620408,장애인강좌,,,0
27,대구,27230,북구,김미경아동발달지원센터,533128278,41423,대구광역시 북구 학정로 429,6층(동천동),3,기타종목,128.5632386,35.9430706,장애인강좌,,,0
27,대구,27710,달성군,다사당구클럽,25883975,42918,달성군 다사읍 죽곡리 119-4,2층,3,기타종목,128.4633804,35.858878,장애인강좌,,,0
27,대구,27710,달성군,하랑태권도,536146787,42979,대구광역시 달성군 논공읍 논공로21길 14-6,2층 하랑태권도장,22,태권도,128.4451334,35.7302527,장애인강좌,,,0
27,대구,27230,북구,단국대 튼튼i 태권스쿨,533568879,41559,대구광역시 북구 침산남로19길 2,3층 튼튼아이태권도(침산동),22,태권도,128.5868864,35.8894171,장애인강좌,,,0
27,대구,27710,달성군,"달비체육관(412,413호",536346664,42947,대구광역시 달성군 화원읍 비슬로 2545,"이진캐스빌상가 412,413호(화원이진캐스빌)",22,태권도,128.4948013,35.8032762,장애인강좌,,,0
27,대구,27290,달서구,달서복싱.이곡헬스,,42696,대구광역시 달서구 달구벌대로 1328,4층 (주)디에스그룹(이곡동),76,복싱,128.5125181,35.8506481,장애인강좌,,,0
27,대구,27230,북구,하늘빛태권도,533142004,41431,대구광역시 북구 팔거천동로 104,"후문지하상가 하늘빛태권도(동천동, 칠곡2차보성서한타운)",22,태권도,128.5570127,35.9334315,장애인강좌,,,0
27,대구,27290,달서구,대구광역시달구벌재활스포츠센터,535232112,42635,대구광역시 달서구 달구벌대로291길 100,(용산동),12,수영,128.52545,35.85354,장애인강좌,,,1
27,대구,27260,수성구,대구광역시장애인국민체육센터,27958063,42250,대구광역시 수성구 유니버시아드로42길 125,대구광역시장애인국민체육센터(대흥동),25,헬스,128.6849945,35.825249,장애인강좌,,,1
27,대구,27290,달서구,대구복싱다이어트클럽,536368868,42832,대구광역시 달서구 한실로 71,일성빌딩 4층(도원동),76,복싱,128.5345083,35.8072395,장애인강좌,,,0
27,대구,27290,달서구,대구시설공단 대구승마힐링센터,536560462,42841,대구광역시 달서구 앞산순환로 206,대덕승마장 ,71,승마,128.554363,35.82115,장애인강좌,,,0
27,대구,27230,북구,기품있는태권도장,29561020,41574,대구광역시 북구 대현남로2길 38,2층 기품태권도장(대현동),22,태권도,128.6055792,35.8790359,장애인강좌,,,0
27,대구,27230,북구,대불스포츠클럽,533838666,41517,대구광역시 북구 유통단지로8길 56,대불스포츠센터(산격동),78,요가,128.6111348,35.9044575,장애인강좌,,,0
27,대구,27230,북구,대산태권도체육관,539526893,41533,대구광역시 북구 연암로 170,4층 대산태권도체육관(산격동),22,태권도,128.5964129,35.8995539,장애인강좌,,,0
27,대구,27230,북구,대장부 태권도,539568021,41531,대구광역시 북구 동북로 345,"상가 401동 2층 207호(복현동, 복현푸르지오)",22,태권도,128.6276666,35.8917545,장애인강좌,,,0
27,대구,27290,달서구,현대볼링장,535276400,42676,대구광역시 달서구 대명천로 148,현대볼링장(본리동),10,볼링,128.5434861,35.8406042,장애인강좌,,,0
27,대구,27260,수성구,JJ댄스스쿨,537819800,42197,대구광역시 수성구 용학로 293,3층 JJ댄스스쿨(지산동),7,댄스,128.6402111,35.8218652,장애인강좌,,,0
27,대구,27170,서구,서구청소년수련관,535722453,41759,대구광역시 서구 문화로 122,서구청소년수련관(이현동),12,수영,128.5454682,35.8736195,장애인강좌,,,0
27,대구,27290,달서구,대한민국다이어트센타,532019800,42669,대구광역시 달서구 성당로 189,2층 헬스장(성당동),25,헬스,128.5715067,35.850116,장애인강좌,,,0
27,대구,27140,동구,대한태권도,539630787,41114,대구광역시 동구 율하동로24길 7,5층(신기동),22,태권도,128.7029766,35.8698728,장애인강좌,,,0
27,대구,27140,동구,효신태권도장,537561711,41247,대구광역시 동구 화랑로11길 26,"코스모스상가1층 효신태권도장(신천동, 코스모스아파트)",22,태권도,128.630713,35.8728311,장애인강좌,,,0
27,대구,27260,수성구,FC CANNON,537830337,42078,대구광역시 수성구 달구벌대로528길 15,수성대학교 숲속운동장 사무실(만촌동),20,축구,128.6482213,35.853323,장애인강좌,,,0
27,대구,27260,수성구,두드림스포츠발달센터,539820675,41146,대구광역시 동구 동촌로 265-1,3층(방촌동),3,기타종목,128.669058,35.8802574,장애인강좌,,,0
27,대구,27110,중구,엘림아동발달센터,535566522,41978,대구광역시 중구 남산로13길 17,"보성황실상가 2층 201호(남산동, 보성황실아파트)",3,기타종목,128.5812841,35.8601784,장애인강좌,,,0
27,대구,27290,달서구,엘림아동발달센터(달서구),26526522,42824,대구광역시 달서구 송현로 46,2층,3,기타종목,128.5472077,35.8227917,장애인강좌,,,0
27,대구,27200,남구,상록수태권도장,26299805,42401,대구광역시 남구 명덕로14길 67,3층,22,태권도,128.5769049,35.8556068,장애인강좌,,,0
27,대구,27140,동구,마음가gym합기도,29640269,41098,대구광역시 동구 안심로22길 14(율하동),효원빌딩 203호,75,합기도,128.6960893,35.8661025,장애인강좌,,,0
27,대구,27290,달서구,(주)한국스포츠산업개발원,536220095,42732,대구광역시 달서구 학산로 17,지하1층(월성동),3,기타종목,128.531097,35.8275367,장애인강좌,,,0
28,인천,28200,남동구,인천승마장,324632752,21530,인천광역시 남동구 무네미로 219,인천승마장(장수동),71,승마,126.7476278,37.457975,장애인강좌,,,0
28,인천,28185,연수구,인천장애인국민체육센터,27197044,21908,인천시 연수구 경원대로 526,인천장애인국민체육센터,12,수영,126.7017983,37.4307559,장애인강좌,,,1
28,인천,28185,연수구,인천장애인체육관,28333055,21980,인천시 연수구 앵고개로 130,장애인체육관,9,배드민턴,126.659417,37.412412,장애인강좌,,,1
28,인천,28237,부평구,크는아이 발달지원센터,7082851455,21398,인천광역시 부평구 동수천로 132,3-301호(부개동),25,헬스,126.7372781,37.4971185,장애인강좌,,,0
28,인천,28260,서구,금곡 태권도,325620022,22613,인천광역시 서구 완정로228번길 9,401호 금곡 태권도(금곡동),22,태권도,126.6513671,37.604614,장애인강좌,,,0
28,인천,28110,중구,스카이영종GYM,327520505,22371,인천광역시 중구 신도시남로141번길 5-8,301호 스카이영종gym(운서동),75,합기도,126.4895036,37.4934507,장애인강좌,,,0
28,인천,28200,남동구,에스엠운동재활센터,324228521,21550,인천광역시 남동구 남동대로 901,"901,401호",78,요가,126.7079569,37.4628729,장애인강좌,,,0
28,인천,28237,부평구,김덕현특수교육체육사업단,324339272,21447,인천광역시 부평구 열우물로 164,열우물경기장 내 206호 209호,3,기타종목,126.6915931,37.4801052,장애인강좌,,,0
28,인천,28237,부평구,라이온합기도,325120308,21378,인천광역시 부평구 부흥로243번길 10,2층 합기도 체육관(부평동),75,합기도,126.719104,37.4993146,장애인강좌,,,0
28,인천,28185,연수구,학사태권도,328180044,21925,인천광역시 연수구 먼우금로 282,"태산아파트 상가 2층 학사태권도(연수동, 태산아파트)",22,태권도,126.6821741,37.4208161,장애인강좌,,,0
28,인천,28245,계양구,한울광성태권도장,325417947,21059,인천광역시 계양구 주부토로 522,근주상가2층 한울광성태권도장(계산동),22,태권도,126.7284698,37.5408026,장애인강좌,,,0
28,인천,28170,미추홀구,어울림탁구클럽,328661106,22218,인천광역시 미추홀구 학익소로 19,지하1층(학익동),21,탁구,126.6689896,37.4454886,장애인강좌,,,0
28,인천,28200,남동구,신대한경희대태권도장,324384556,21559,인천광역시 남동구 인주대로 539,휴먼빌딩 2층(구월동),22,태권도,126.6966665,37.4505902,장애인강좌,,,0
28,인천,28200,남동구,크는아이 발달지원센터(만수점),241292760,21594,인천광역시 남동구 장승로 32,태광빌딩 6층,3,기타종목,126.7362157,37.4452194,장애인강좌,,,0
28,인천,28170,미추홀구,연세대석사태권짱,7075190707,22153,인천광역시 미추홀구 경인로326번길 46,2층(주안동),22,태권도,126.6756148,37.4566349,장애인강좌,,,0
28,인천,28170,미추홀구,꿈비아동발달센터,25171734,22110,인천시 미추홀구 송림로247,우주프라자 4층,3,기타종목,126.6603213,37.4751747,장애인강좌,,,0
28,인천,28185,연수구,송선생특수체육교실,,21972,인천시 연수구 앵고개로246번길 43,조이빌딩6층,4,농구,126.6708391,37.4068348,장애인강좌,,,0
28,인천,28185,연수구,동남태권도장,328166404,21971,인천광역시 연수구 먼우금로 19,"상가동306호 동남태권도장(동춘동, 동남아파트)",22,태권도,126.6681581,37.4012713,장애인강좌,,,0
28,인천,28170,미추홀구,정문태권도,328764267,22226,인천광역시 미추홀구 매소홀로418번길 17,하나프라자3층304호(학익동),22,태권도,126.6684098,37.4390583,장애인강좌,,,0
28,인천,28200,남동구,인천남동승마클럽,28199500,21656,인천광역시 남동구 오봉로10번길 22-37(도림동),남동승마클럽,71,승마,126.7289153,37.4135669,장애인강좌,,,0
28,인천,28185,연수구,인천샤론무용학원,28169936,21929,인천광역시 연수구 샘말로8번길 7-10,2층 인천샤론무용학원(연수동),77,발레,126.6785463,37.4120051,장애인강좌,,,0
28,인천,28200,남동구,인천승마공원,24690006,21533,인천광역시 남동구 만의골로 225,25-1.인천승마공원(장수동),71,승마,126.7723782,37.462574,장애인강좌,,,0
29,광주,29200,광산구,해동검도 산정도장,29593936,62339,광주 광산구 손재로 110번길30,.3층,3,기타종목,126.7986444,35.1757708,장애인강좌,,,0
29,광주,29155,남구,송화태권도,626759919,61746,광주광역시 남구 노대실로 36(858번지),502호,22,태권도,126.906051,35.106468,장애인강좌,,,0
29,광주,29140,서구,서구국민체육센터,623504573,62048,광주광역시 서구 풍암공원로 20,풍암동 396-19(풍암동),9,배드민턴,126.8810502,35.1300695,장애인강좌,,,0
29,광주,29140,서구,명선태권도,623615424,61977,광주광역시 서구 군분2로 31,건물2층(화정동),22,태권도,126.8808471,35.1557784,장애인강좌,,,0
29,광주,29155,남구,주식회사 케이원볼링 봉선점,626540925,61674,광주광역시 남구 봉선2로 81,지하1층(봉선동),10,볼링,126.9152463,35.1261265,장애인강좌,,,0
29,광주,29170,북구,리더스클럽 합기도 바른교육관,25763040,61083,광주광역시 북구 양일로 73,2층201호(양산동),75,합기도,126.8728789,35.19802,장애인강좌,,,0
29,광주,29140,서구,유덕태권도장,623811006,61910,광주 서구 상무버들로 34 가남빌딩,4층 유덕태권도,22,태권도,126.8597833,35.1646448,장애인강좌,,,0
29,광주,29140,서구,화정역탁구장,623515049,61979,광주광역시 서구 화운로 172,3층,21,탁구,126.8770437,35.1542092,장애인강좌,,,0
29,광주,29140,서구,알앤비휘트니스,626528455,62014,광주광역시 서구 풍금로 165,4층 알앤비휘트니스(금호동),25,헬스,126.8592659,35.1306941,장애인강좌,,,0
29,광주,29140,서구,황평주등반교실 실내암벽장,623841514,62022,광주 서구 풍금로 57 2층 황평주등반교실 실내암벽장,2층 황평주등반교실 실내암벽장(금호동),3,기타종목,126.8616764,35.1235159,장애인강좌,,,0
29,광주,29110,동구,동구국민체육센터,623510076,61439,광주광역시 동구 필문대로205번길 17,동구국민체육센터(산수동),12,수영,126.9327645,35.1523002,장애인강좌,,,0
29,광주,29140,서구,다모여태권스쿨,623850591,62036,광주광역시 서구 금화로115번길 9,"상가2층 다모여태권스쿨(금호동, 한국아파트)",22,태권도,126.8606686,35.1337454,장애인강좌,,,0
29,광주,29170,북구,화랑태권스쿨,625755928,61077,광주광역시 북구 연양로 36,양지빌딩 201호 2층 화랑태권스쿨(양산동),22,태권도,126.871427,35.2061705,장애인강좌,,,0
29,광주,29200,광산구,즐거운태권도장,629718522,62260,광주광역시 광산구 월계로 117-32,"라인1차아파트 정문 상가 3층(월계동, 첨단산업기지 라인1차아파트)",22,태권도,126.8406204,35.2163601,장애인강좌,,,0
29,광주,29140,서구,주식회사 시티스포츠센타,623684600,61932,광주광역시 서구 죽봉대로 52,(농성동),10,볼링,126.8834675,35.1582663,장애인강좌,,,0
29,광주,29200,광산구,하모니예술심리치유센터,629620713,62353,광주광역시 광산구 풍영철길로 20-6,CM빌딩 4층 하모니예술심리치유센터(우산동),3,기타종목,126.8127145,35.1627944,장애인강좌,,,0
29,광주,29200,광산구,바른학송합기도,629720332,62266,광주광역시 광산구 월계로 124,2층 바른학송합기도(월계동),75,합기도,126.8390133,35.2134286,장애인강좌,,,0
29,광주,29170,북구,전남체육관태권도,25725150,61022,광주광역시 북구 상촌로31번길 8,전남체육관태권도(양산동),22,태권도,126.8784044,35.2121589,장애인강좌,,,0
29,광주,29170,북구,북구건강복지타운우산수영장,622678850,61191,광주광역시 북구 중문로 62,센터장실,12,수영,126.920948,35.1778263,장애인강좌,,,0
29,광주,29110,동구,짱태권도,625266666,61409,광주광역시 동구 갈마로 46,무들빌딩 3층(산수동) 짱태권도,22,태권도,126.9354826,35.1615162,장애인강좌,,,0
29,광주,29170,북구,비전태권스쿨,25761517,61072,광주광역시 북구 자라봉로63번길 9,2층 비전태권스쿨(양산동),22,태권도,126.8803984,35.2083049,장애인강좌,,,0
29,광주,29170,북구,동림다목적체육관,627142002,61097,광주광역시 북구 북문대로 200,동림다목적체육관 1층(동림동),3,기타종목,126.8709657,35.1867046,장애인강좌,,,0
29,광주,29140,서구,하람태권도,623835333,61950,광주광역시 서구 치평로 124,305호 하람태권도(치평동),22,태권도,126.8477242,35.1583769,장애인강좌,,,0
29,광주,29200,광산구,무덕관,,62339,광주광역시 광산구 손재로110번길 32,401호(산정동),75,합기도,126.7988131,35.1758376,장애인강좌,,,0
29,광주,29170,북구,도을요가필라테스,22614560,61188,광주광역시 북구 면앙로 52,(2층) 도을요가필라테스(문흥동),78,요가,126.9177083,35.1789382,장애인강좌,,,0
29,광주,29140,서구,정환합기스쿨(창무5도장),,61994,광주광역시 서구 쌍학로 5,3층(쌍촌동),75,합기도,126.8657649,35.1464366,장애인강좌,,,0
29,광주,29110,동구,경향태권도,622237644,61403,광주광역시 동구 무등로 369,두산@1차상가205호,22,태권도,126.9233034,35.1608097,장애인강좌,,,0
29,광주,29170,북구,에이원태권도장,625720700,61026,광주광역시 북구 양산택지소로 23,3층(본촌동),22,태권도,126.882868,35.2142723,장애인강좌,,,0
29,광주,29200,광산구,에이치핏점핑다이어트,277207711,62250,광주광역시 광산구 신창로71번길 33,"정문상가 2층 에이치핏점핑다이어트(신창동, 신창2차부영아파트)",3,기타종목,126.8334834,35.1926337,장애인강좌,,,0
29,광주,29170,북구,드림태권도,622686663,61160,광주광역시 북구 삼정로 51,4층,22,태권도,126.9370525,35.1665543,장애인강좌,,,0
29,광주,29200,광산구,채움아동발달센터,29520208,62328,광주 광산구 사암로 340번안길 6-5 세진빌딩,4층,25,헬스,126.8107689,35.1756292,장애인강좌,,,0
29,광주,29140,서구,대도태권도장,23714610,61997,광주광역시 서구 화정로 87-1,"3단지 상가 201호(쌍촌동, 시영아파트)",22,태권도,126.8669948,35.1460598,장애인강좌,,,0
29,광주,29155,남구,조선태권도장,626758251,61731,광주광역시 남구 회재로1186번길 31,주월동 현대아파트2차 상가(주월동),22,태권도,126.8921745,35.1291221,장애인강좌,,,0
29,광주,29155,남구,라스트짐,623510517,61600,광주광역시 남구 화정로260번길 34,4층 라스트짐(월산동),3,기타종목,126.8869516,35.1451709,장애인강좌,,,0
29,광주,29170,북구,광주동희체육관,22697708,61129,광주광역시 북구 문산로 43-7,5층체육관(문흥동),3,기타종목,126.9223283,35.1858932,장애인강좌,,,0
29,광주,29140,서구,번개태권도,23759283,62024,광주광역시 서구 화정로 96,"중흥,광명아파트 상가2층",22,태권도,126.8678378,35.1448149,장애인강좌,,,0
29,광주,29170,북구,SB휘트니스,625755751,61024,광주 북구 양산로 33,3층,25,헬스,126.8779029,35.2108192,장애인강좌,,,0
29,광주,29155,남구,힐문화예술교육원,622254530,61665,광주광역시 남구 대남대로 127,2층(방림동),79,필라테스,126.9111993,35.1337752,장애인강좌,,,0
29,광주,29170,북구,우리탁구클럽,625724939,61072,광주광역시 북구 양산택지로 20,우리탁구클럽(양산동),21,탁구,126.8792334,35.208243,장애인강좌,,,0
29,광주,29200,광산구,체육도장업협동조합,629597989,62326,광주광역시 광산구 목련로153번길 59,3층(운남동),75,합기도,126.8144315,35.1746014,장애인강좌,,,0
29,광주,29170,북구,예랑합기도,625716776,61037,광주광역시 북구 설죽로 556,일곡동 금호아파트상가 지하1층(일곡동),75,합기도,126.897867,35.2086298,장애인강좌,,,0
29,광주,29200,광산구,광산구시설관리공단 빛고을국민체육센터,629559101,62359,광주광역시 광산구 무진대로211번길 28,빛고을국민체육센터(우산동),12,수영,126.8044626,35.1635029,장애인강좌,,,0
29,광주,29170,북구,오치태권도 예절관,622669921,61120,광주광역시 북구 우치로231번길 17,상가 3층 오치태권도(오치동),22,태권도,126.9045206,35.1851559,장애인강좌,,,0
29,광주,29155,남구,광림태권도,623516772,61602,광주광역시 남구 금화로376번길 21,영무예다음상가 2층,22,태권도,126.8884635,35.1403705,장애인강좌,,,0
29,광주,29170,북구,영화 탁구클럽,22517989,61168,광주광역시 북구 동문대로 162," , 6층 영화탁구클럽(두암동)",21,탁구,126.9285228,35.1768244,장애인강좌,,,0
29,광주,29140,서구,금부태권도,23826777,62035,광주광역시 서구 금화로149번길 25,상가동 201호(금호동),22,태권도,126.8634146,35.1347614,장애인강좌,,,0
29,광주,29170,북구,에스엠(SM)당구클럽,,61052,광주광역시 북구 설죽로370번길 30,3층 sm당구클럽(오치동),3,기타종목,126.9017609,35.1933484,장애인강좌,,,0
30,대전,30170,서구,괴정 스마트태권도,425353292,35269,대전광역시 서구 도솔로 343,2층 스마트태권도(괴정동),22,태권도,127.3848187,36.3383574,장애인강좌,,,0
30,대전,30200,유성구,맘스마인드발달교육연구소,428264668,34210,대전광역시 유성구 학하중앙로128번길 22-10,"2,3층(학하동)",3,기타종목,127.3053803,36.3404572,장애인강좌,,,0
30,대전,30110,동구,다사랑태권도,422837222,34684,대전시 동구 천동 520번지,월드빌딩 4층,22,태권도,127.4474454,36.3163139,장애인강좌,,,0
30,대전,30140,중구,대전mma,22427989,34934,대전광역시 중구 충무로107번길 122,3층 체육관(대흥동),3,기타종목,127.4260534,36.3233473,장애인강좌,,,0
30,대전,30230,대덕구,대전광역시립체육재활원(수영장),426379881,34364,대전광역시 대덕구 대화로10,대전광역시립체육재활원,12,수영,127.4189997,36.3683391,장애인강좌,,,1
30,대전,30200,유성구,대전시설관리공단 장애인체육센터,27243570,34155,127.3211891,장애인체육센터(덕명동),25,헬스,127.3073752,36.3537864,장애인강좌,,,0
30,대전,30140,중구,대흥태권도,422575448,34937,대전광역시 중구 수도산로 22,2층 대흥태권도(대흥동),22,태권도,127.4266598,36.3203345,장애인강좌,,,0
30,대전,30110,동구,영웅체육관 2관,26343232,34570,대전광역시 동구 동서대로 1518,3층(삼성동),22,태권도,127.4218608,36.3409101,장애인강좌,,,0
30,대전,30230,대덕구,와동태권도,422851769,34346,대전광역시 대덕구 신탄진로232번길 24,"3층, 와동태권도(와동)",22,태권도,127.4242496,36.4010798,장애인강좌,,,0
30,대전,30140,중구,용인대백룡태권도,425839577,35000,대전시 중구 서문로13(문화동),4층,22,태권도,127.4078835,36.3095994,장애인강좌,,,0
30,대전,30230,대덕구,용인대수합기도장,426392324,34379,대전광역시 대덕구 한밭대로 1049,2 층(오정동),75,합기도,127.4150402,36.3588693,장애인강좌,,,0
30,대전,30230,대덕구,중리태권도,426257799,34389,대전광역시 대덕구 중리남로40번길 77,중리태권도(중리동),22,태권도,127.4272866,36.3643853,장애인강좌,,,0
30,대전,30170,서구,최무배짐,,35224,대전광역시 서구 월평중로14번길 15,지하1층(월평동),3,기타종목,127.3649125,36.3558122,장애인강좌,,,0
30,대전,30110,동구,용인대한솔태권도,426337557,34527,대전광역시 동구 동서대로1770번길 47,2층 한솔태권도(가양동),22,태권도,127.446216,36.352868,장애인강좌,,,0
30,대전,30200,유성구,운동과학연구센터(대전),428237173,34145,"대전광역시 유성구 왕가봉로2번길 68 (노은동, 덕청빌딩)",3층,12,수영,127.317367,36.3651862,장애인강좌,,,0
30,대전,30200,유성구,바디팩토리,428264447,34073,대전광역시 유성구 지족로 282,6층(지족동),79,필라테스,127.3081104,36.3872448,장애인강좌,,,0
30,대전,30170,서구,배재태권도장,25338265,35339,대전시 서구 도솔로 53번지,2층,22,태권도,127.3732346,36.3153741,장애인강좌,,,0
30,대전,30230,대덕구,승리태권도,426233396,34401,대전광역시 대덕구 동춘당로94번길 11-21,3층 승리태권도(송촌동),22,태권도,127.4392157,36.3662142,장애인강좌,,,0
30,대전,30170,서구,롯데태권도,25356333,35284,"대전광역시 서구 신갈마로 46 (내동, 롯데아파트)",롯데아파트상가 306호,22,태권도,127.367956,36.3373691,장애인강좌,,,0
30,대전,30230,대덕구,타이거태권도장,426224367,34383,대전광역시 대덕구 계족로663번길 30-6,"2층,타이거태권도장(법동)",22,태권도,127.4271301,36.3708899,장애인강좌,,,0
30,대전,30140,중구,합기도 월드도장,422723198,35066,대전광역시 중구 대종로 135,2층(호동),75,합기도,127.4497364,36.3040863,장애인강좌,,,0
30,대전,30140,중구,해오름태권도장,422722712,35061,대전시 중구 석교동65-19,한라빌딩2층,22,태권도,127.4442098,36.3081787,장애인강좌,,,0
30,대전,30230,대덕구,호림태권도장(대전),426358399,34418,"대전광역시 대덕구 비래서로 43 (비래동, 비래프라자)",비래프라자4층,22,태권도,127.4496941,36.3543976,장애인강좌,,,0
30,대전,30110,동구,동구아름다운복지관,422809519,34708,대전광역시 동구 안골로 49,동구아름다운복지관(구도동),3,기타종목,127.4722497,36.2681157,장애인강좌,,,1
31,울산,31170,동구,동구국민체육센터,522334141,44021,울산광역시 동구 봉수로 153,(화정동),12,수영,129.4163277,35.5034954,장애인강좌,,,0
31,울산,31170,동구,국술원종합무술본관,522528833,44074,울산광역시 동구 양지1길 21,(화정동),3,기타종목,129.4201596,35.4965897,장애인강좌,,,0
31,울산,31140,남구,A미코스텔라 인라인클럽(인라인강습),,44600,울산광역시 남구 신복로72번길 28-23,6층,6,롤러인라인,129.2550625,35.5525735,장애인강좌,,,0
31,울산,31170,동구,영킴스태권도,522528847,44035,울산광역시 동구 바드래길 58,1층 영킴스태권도(전하동),22,태권도,129.428798,35.5156152,장애인강좌,,,0
31,울산,31170,동구,올림피아드볼링장,512368300,44111,울산광역시 동구 동진2길 7,올림피아드볼링장(방어동),10,볼링,129.4262589,35.4875495,장애인강좌,,,0
31,울산,31140,남구,용인대W복싱GYM,522679399,44734,울산광역시 남구 번영로 57,3층(야음동),76,복싱,129.3301876,35.5307038,장애인강좌,,,0
31,울산,31110,중구,약사체육관,522947878,44472,울산광역시 중구 평산4길 28,2층(약사동),22,태권도,129.338289,35.5702117,장애인강좌,,,0
31,울산,31140,남구,중앙특수체육센터(한국운동재활협회 울산남구지회),522655877,44693,울산광역시 남구 삼산로93번길 10,3층/5층,3,기타종목,129.3177651,35.5358333,장애인강좌,,,0
31,울산,31110,중구,레드몽스포츠클럽,522814977,44548,울산광역시 중구 종가로 749,2층 레드몽스포츠클럽(장현동),3,기타종목,129.3439277,35.5884088,장애인강좌,,,0
31,울산,31710,울주군,삼부기업사(삼성SDI볼링장),7042443259,44953,울산광역시 울주군 삼남면 가천금사길 45,레포츠센타 지하1층 볼링장,10,볼링,129.0898267,35.5116234,장애인강좌,,,0
31,울산,31170,동구,사단법인 울산동구공공스포츠클럽,522339222,44074,울산광역시 동구 대송로 140,2층 울산동구공공스포츠클럽(화정동),21,탁구,129.4226036,35.4959565,장애인강좌,,,0
31,울산,31170,동구,동아대힘찬태권도,522333388,44088,울산광역시 동구 월봉4길 58,2층(방어동),22,태권도,129.4200508,35.4896152,장애인강좌,,,0
31,울산,31110,중구,학성승무태권도체육관,522980027,44516,울산광역시 중구 해오름1길 6,남외동(남외동),22,태권도,129.3435141,35.5597954,장애인강좌,,,0
31,울산,31170,동구,위더스체육관,522018111,44088,울산광역시 동구 방어진순환도로 493,2층위더스복싱헬스(방어동),76,복싱,129.4214088,35.4878826,장애인강좌,,,0
31,울산,31110,중구,블랙벨트인성태권도장,522864382,44548,울산광역시 중구 종가22길 4,302호(장현동),22,태권도,129.3423255,35.5870557,장애인강좌,,,0
31,울산,31200,북구,다이몬휘트니스 천곡점,,44204,울산광역시 북구 아진로 94,아진프라자 3층 다이몬휘트니스(천곡동),25,헬스,129.338717,35.631041,장애인강좌,,,0
31,울산,31170,동구,휴먼헬스 & 휘트니스 클럽,522019686,44070,울산광역시 동구 대학길 71,3층 휴먼헬스클럽(화정동),25,헬스,129.42166,35.4988687,장애인강좌,,,0
31,울산,31200,북구,다이몬휘트니스 호계점,,44224,울산광역시 북구 제내1길 2,필그린쇼핑센터 4층 다이몬휘트니스(신천동),25,헬스,129.351375,35.6313325,장애인강좌,,,0
31,울산,31200,북구,대덕체육관,522954400,44227,울산광역시 북구 동대중앙로 47,3층 대덕태권도(호계동),22,태권도,129.355475,35.6302255,장애인강좌,,,0
31,울산,31710,울주군,포올영웅태권도,522644543,44951,울산광역시 울주군 삼남면 울산역로 274,301동205호(울산역 신도시 동문굿모닝힐),22,태권도,129.1313039,35.5579353,장애인강좌,,,0
31,울산,31200,북구,브레인태권도,7077207122,44204,울산광역시 북구 아진로 102,그린상가 3층 브레인태권도(천곡동),22,태권도,129.3378238,35.6309448,장애인강좌,,,0
31,울산,31140,남구,더이룸아동발달연구소,22560252,44734,울산광역시 남구 번영로51,4층 더이룸아동발달연구소,3,기타종목,129.3301283,35.5302107,장애인강좌,,,0
36,세종,36110,세종시,세종원펀치복싱클럽,448651287,30100,세종특별자치시 보듬3로 8-11,세종jm빌딩 4층(도담동),76,복싱,127.2582378,36.5132137,장애인강좌,,,0
36,세종,36110,세종시,세종국가대표태권도,448641251,30064,세종특별자치시 도움3로 159,"가재마을3단지상가 B1호(종촌동, 가재마을3단지)",22,태권도,127.2432048,36.5043615,장애인강좌,,,0
36,세종,36110,세종시,미요가필라테스,28689207,30127,세종특별자치시 새롬중앙로 62-15,317호(새롬동),78,요가,127.251171,36.4869591,장애인강좌,,,0
36,세종,36110,세종시,dreamofjudo 세종유도관,448630609,30100,세종특별자치시 보듬3로 100,해피라움1동 304호(아름동),17,유도,127.2486048,36.5120004,장애인강좌,,,0
36,세종,36110,세종시,나사볼링센터 본점,448630929,30121,세종특별자치시 한누리대로 350,뱅크빌딩지하1층(어진동),10,볼링,127.2572294,36.495415,장애인강좌,,,0
36,세종,36110,세종시,골든샤크플레잉센터,448629848,30057,세종특별자치시 연기면 조뱅이길 76-19,1동,9,배드민턴,127.2337173,36.5361876,장애인강좌,,,0
36,세종,36110,세종시,원승마클럽,,30001,세종특별자치시 소정면 매실로 474-41,원승마클럽,71,승마,127.1861823,36.7233681,장애인강좌,,,0
36,세종,36110,세종시,엘리트태권도,448645377,30047,세종특별자치시 연서면 당산로 349,2층 엘리트태권도,22,태권도,127.2826425,36.5628143,장애인강좌,,,0
36,세종,36110,세종시,커브스종촌클럽,448643070,30064,세종특별자치시 도움1로 106,614호(종촌동),3,기타종목,127.2481238,36.502816,장애인강좌,,,0
36,세종,36110,세종시,종촌종합복지센터 종합사회복지관,448503000,30064,세종특별자치시 도움1로 116,종촌종합복지센터(종촌동),25,헬스,127.2465012,36.5027646,장애인강좌,,,0
36,세종,36110,세종시,세종승리태권도장,448635225,30026,세종특별자치시 조치원읍 새내10길 87,1층 승리태권도,22,태권도,127.3029562,36.6009447,장애인강좌,,,0
41,경기,41190,부천시,주식회사 그린나래,7041782277,14771,경기도 부천시 소사로 102,복사골 빌딩 301-302(소사본동),3,기타종목,126.797975,37.4678741,장애인강좌,,,0
41,경기,41590,화성시,미르 태권도&주짓수,312212133,18412,경기도 화성시 떡전골로 60,"107동 118호(병점동, 병점역효성해링턴플레이스)",22,태권도,127.0362476,37.2050623,장애인강좌,,,0
41,경기,41150,의정부시,민락경기태권도장,318522950,11811,경기도 의정부시 오목로 74,상가 2층(민락동),22,태권도,127.0907886,37.7349562,장애인강좌,,,0
41,경기,41460,용인시,위드미발달센터,288320409,16942,경기도 용인시 수지구 법조로 215,3층(상현동),3,기타종목,127.0734673,37.2986211,장애인강좌,,,0
41,경기,41130,성남시,위 스포츠복지 TOP운동발달센터,3180173250,13506,경기도 성남시 분당구 성남대로 934,8층 801-1호 TOP운동발달센터(야탑동),10,볼링,127.1292862,37.4131627,장애인강좌,,,0
41,경기,41170,안양시,바름아동센터,24415095,14092,경기도 안양시 만안구 수리산로 24,헤븐빌 201호,3,기타종목,126.9291589,37.387726,장애인강좌,,,0
41,경기,41480,파주시,백두태권도,319446222,10852,경기도 파주시 마음밭길 114,"싱기3층(금촌동, 대방노블랜드아파트)",22,태권도,126.7712622,37.7704247,장애인강좌,,,0
41,경기,41110,수원시,우만MBA 태권도장,312563600,16231,경기도 수원시 팔달구 창룡대로 194,"단지내상가 우만MBA 태권도(우만동, 주공4단지아파트)",22,태권도,127.030353,37.2917379,장애인강좌,,,0
41,경기,41220,평택시,용인대투혼태권도장,316820178,17808,경기도 평택시 청북읍 청북남로 253,골드라인 4층 401호,22,태권도,126.9162216,37.0189028,장애인강좌,,,0
41,경기,41460,용인시,사단법인 용인스포츠클럽,7051720890,16811,경기도 용인시 수지구 신봉1로 181,용인스포츠클럽(신봉동),9,배드민턴,127.0671418,37.3289344,장애인강좌,,,0
41,경기,41820,가평군,충효체육관,315829466,12418,경기도 가평군 가평읍 석봉로 168,원희빌딩 3층,22,태권도,127.5110127,37.8301482,장애인강좌,,,0
41,경기,41550,안성시,최강태권도장,316533107,17550,경기도 안성시 공도읍 송원길 37,4층 최강태권도장,22,태권도,127.1741179,37.0074465,장애인강좌,,,0
41,경기,41570,김포시,새론감통아동발달센터2,319853245,10071,경기도 김포시 김포한강9로76번길 37,경서프라자 1002호(구래동),3,기타종목,126.627325,37.6441978,장애인강좌,,,0
41,경기,41610,광주시,짐앤짐스 운동발달센터,317158778,12772,경기도 광주시 오포읍 능평리 467-7,,3,기타종목,127.1635799,37.3556631,장애인강좌,,,0
41,경기,41360,남양주시,진접커브스,315283010,12069,경기도 남양주시 진접읍 해밀예당3로 52,404호,3,기타종목,127.1985668,37.7144909,장애인강좌,,,0
41,경기,41170,안양시,석사경희대충무태권도장,314449801,13986,경기도 안양시 만안구 박달우회로138번길 41,2층 석사경희대충무태권도장(박달동),22,태권도,126.9109937,37.4058888,장애인강좌,,,0
41,경기,41190,부천시,즐거운 태권도,323488111,14699,경기도 부천시 소안로 20,"삼익세라믹아파트 1,2차 상가동 203호(괴안동, 삼익세라믹아파트)",22,태권도,126.8030694,37.4757778,장애인강좌,,,0
41,경기,41130,성남시,성남시 한마음복지관,317259588,13508,경기 성남시 분당구 야탑로 227,,25,헬스,127.1441876,37.4082763,장애인강좌,,,1
41,경기,41610,광주시,중앙체육관,317626835,12804,경기도 광주시 곤지암읍 곤지암로50번길 25,,22,태권도,127.3387071,37.3501696,장애인강좌,,,0
41,경기,41270,안산시,주식회사 티알멀티스포츠센터,314182501,15625,경기도 안산시 상록구 항가울로 42,2층(사동),3,기타종목,126.8472314,37.2857201,장애인강좌,,,0
41,경기,41570,김포시,주식회사 온무지개,319816941,10088,경기도 김포시 초당로16번길 16,2층 (주)온무지개(장기동),3,기타종목,126.6719678,37.6405469,장애인강좌,,,0
41,경기,41110,수원시,수원클라이밍센터,3180252016,16234,경기도 수원시 팔달구 월드컵로357번길 23-18,{우만동)송희아트 B1(우만동),3,기타종목,127.0306144,37.2881405,장애인강좌,,,0
41,경기,41210,광명시,쉬즈벨리댄스,220660122,14236,경기도 광명시 철산로 27,명동빌딩 4층 쉬즈벨리댄스(철산동),78,요가,126.8690078,37.4768323,장애인강좌,,,0
41,경기,41270,안산시,조이발레아카데미학원,314801850,15462,경기도 안산시 단원구 광덕동로 91,5층 조이발레아카데미(고잔동),77,발레,126.8325718,37.3126499,장애인강좌,,,0
41,경기,41270,안산시,정성욱탁구클럽,314801018,15290,경기도 안산시 상록구 예술광장1로 115,지층 정성욱탁구클럽(성포동),21,탁구,126.844988,37.3259249,장애인강좌,,,0
41,경기,41460,용인시,점프스쿨 구성센터,312858883,16918,경기도 용인시 기흥구 구성로 103,상록멀티프라자 211호 점프스쿨(언남동),3,기타종목,127.1207738,37.293793,장애인강좌,,,0
41,경기,41150,의정부시,신곡최강태권도,318481145,11741,경기도 의정부시 능곡로 66,으뜸신명 아파트 단지내 상가2층(신곡동),22,태권도,127.0617645,37.7433216,장애인강좌,,,0
41,경기,41310,구리시,신봉화태권도장,315660733,11948,경기도 구리시 장자대로86번길 14-11,3층(수택동),22,태권도,127.1393094,37.5868202,장애인강좌,,,0
41,경기,41110,수원시,심검도,312957601,16650,경기도 수원시 권선구 매송고색로676번길 3,(고색동),1,검도,126.9787274,37.2499469,장애인강좌,,,0
41,경기,41150,의정부시,씨엘요가 평생교육원,28515922,11788,경기도 의정부시 충의로 62,경은빌딩 5층(용현동),78,요가,127.0874244,37.7374989,장애인강좌,,,0
41,경기,41460,용인시,아이공간 용인점,26790530,17006,경기도 용인시 기흥구 동백 죽전대로 444,"C-401, C-406호",3,기타종목,127.1515224,37.27795,장애인강좌,,,0
41,경기,41410,군포시,아이공간군포산본점,23965009,15865,"경기도 군포시 번영로 515(산본동, 유화프라자)",4층,3,기타종목,126.933713,37.3590834,장애인강좌,,,0
41,경기,41170,안양시,아이공간안양평촌점,314226958,14120,경기도 안양시 동안구 엘에스로 14,아이공간,21,탁구,126.9572626,37.3661359,장애인강좌,,,0
41,경기,41150,의정부시,장애인스포츠과학연구소,28270453,11741,의정부시 금신로 323,대영프라자빌딩 2층 201호,12,수영,127.0616627,37.7447767,장애인강좌,,,0
41,경기,41460,용인시,아이비전 아동발달연구센터,242334001,16815,경기도 용인시 수지구 신봉1로 84,404호 아이비전 아동발달연구센터(신봉동),3,기타종목,127.0764788,37.3236963,장애인강좌,,,0
41,경기,41170,안양시,아이비젼,24427792,13986,경기도 안양시 만안구 양화로 148번길 36,1*2층,3,기타종목,126.9104943,37.4062793,장애인강좌,,,0
41,경기,41360,남양주시,아이펄짐,315777737,12209,경기도 남양주시 와부읍 덕소로97번길 9,7층,25,헬스,127.2132956,37.586152,장애인강좌,,,0
41,경기,41390,시흥시,장곡경희대태권도,313179669,15002,경기도 시흥시 진말로9번길 24,2층(장곡동),22,태권도,126.7829098,37.3784433,장애인강좌,,,0
41,경기,41270,안산시,안산도시공사 감골시민홀,24175013,15620,경기도 안산시 상록구 석호로 226,감골시민홀,25,헬스,126.8553523,37.2933981,장애인강좌,,,0
41,경기,41270,안산시,안산시상록장애인복지관,24090000,15585,경기도 안산시 상록구 차돌배기로 24-2,안산시상록장애인복지관(사동),3,기타종목,126.8457119,37.2986854,장애인강좌,,,0
41,경기,41550,안성시,안성스카이fc실내축구장,316530669,17559,경기도 안성시 공도읍 공도로 166,1층 안성스카이fc 키즈아레나,20,축구,127.1782095,37.0036416,장애인강좌,,,0
41,경기,41220,평택시,안중탁구클럽,26830092,17940,경기도 평택시 안중읍 안현로 363,4층,21,탁구,126.9284626,36.982816,장애인강좌,,,0
41,경기,41310,구리시,용인대백호체육관,315685712,11933,경기도 구리시 체육관로 124,"상가 2층 용인대백호체육관(교문동, 동방아파트)",22,태권도,127.1376372,37.5961284,장애인강좌,,,0
41,경기,41630,양주시,양주시승마장,3180827282,11432,양주시 은현면 그루고개로 221번길 264-21,양주시승마장,71,승마,126.9981091,37.8433149,장애인강좌,,,0
41,경기,41630,양주시,양주시장애인종합복지관,319284090,11485,경기도 양주시 고삼로43번길 29,양주시장애인종합복지관(삼숭동),9,배드민턴,127.0907186,37.8018627,장애인강좌,,,0
41,경기,41190,부천시,에스엠스포츠과학센터,26117573,14582,경기도 부천시 부흥로307번길 23,태정빌딩5층 502호,25,헬스,126.7764645,37.4955317,장애인강좌,,,0
41,경기,41130,성남시,옥상달빛 풋살장,317062307,13305,경기도 성남시 수정구 수정로 115-1,(태평동) 주민신협행복빌딩 6층,3,기타종목,127.1332562,37.4416227,장애인강좌,,,0
41,경기,41130,성남시,"오성권투,격투기",317021282,13508,경기도 성남시 분당구 야탑로 241,"403,404호(야탑동)",76,복싱,127.1453411,37.4074487,장애인강좌,,,0
41,경기,41360,남양주시,예당검도관,25710086,12065,경기도 남양주시 진접읍 해밀예당3로 59,폴리플라자 301호,1,검도,127.1978808,37.7149474,장애인강좌,,,0
41,경기,41360,남양주시,커브스별내클럽,315753082,12112,경기도 남양주시 별내중앙로 59,예스프라자 4층 402호 커브스별내클럽(별내동),14,에어로빅,127.1231792,37.6476381,장애인강좌,,,0
41,경기,41460,용인시,영웅태권도장용인관,313325133,17149,경기도 용인시 처인구 고림로200번길 1,포비프라자2층 영웅태권도장용인관(고림동),22,태권도,127.2227147,37.2493814,장애인강좌,,,0
41,경기,41570,김포시,크는아이 발달지원센터(김포점),29982760,10071,경기도 김포시 김포한강9로 73,센트럴프라자 903호 크는아이 발달지원센터(구래동),3,기타종목,126.6254998,37.6433588,장애인강좌,,,0
41,경기,41590,화성시,키드짐아동청소년발달연구소,3180036212,18455,경기도 화성시 동탄문화센터로 71-11,2층 키드짐아동청소년발달연구소(반송동),3,기타종목,127.0728227,37.2000487,장애인강좌,,,0
41,경기,41390,시흥시,탑클래스유도,,14985,경기도 시흥시 목감우회로 39,5층 505호(목감동),17,유도,126.8603361,37.381899,장애인강좌,,,0
41,경기,41570,김포시,통진탁구장,319810409,10016,경기도 김포시 통진읍 조강로56번길 112,통진탁구장,21,탁구,126.6038437,37.6943372,장애인강좌,,,0
41,경기,41130,성남시,팀제이맥스(TEAM J-MAX),,13439,경기도 성남시 중원구 성남대로997번길 25-13,3층,25,헬스,127.1264382,37.4179573,장애인강좌,,,0
41,경기,41570,김포시,파이트클럽복싱,319867197,10083,경기도 김포시 김포한강4로 119,"(장기동, 승문프라자 1104, 5호)(장기동)",76,복싱,126.6677031,37.6443282,장애인강좌,,,0
41,경기,41360,남양주시,평안흥업(주)동서울지점,,12203,경기도 남양주시 와부읍 월문천로 280-7,동서울승마클럽,71,승마,127.2423361,37.5988742,장애인강좌,,,0
41,경기,41480,파주시,프로보노 사회서비스 지원센터,7042589820,10922,경기도 파주시 가나무로 143,메트로 프라자 307호(금릉동),3,기타종목,126.7813454,37.7545095,장애인강좌,,,0
41,경기,41170,안양시,프로팀스타복싱,,13945,경기도 안양시 동안구 관악대로 324,2층 프로팀스타복싱(관양동),76,복싱,126.9590545,37.4030918,장애인강좌,,,0
41,경기,41190,부천시,더원 행동재활센터,322142004,14539,경기도 부천시 길주로 273,604호 더원(중동),3,기타종목,126.7728425,37.5039782,장애인강좌,,,0
41,경기,41590,화성시,필인성태권도,23570737,18266,경기도 화성시 남양읍 남양로 829,현대프라자 604 필인성태권도,22,태권도,126.8322769,37.2097486,장애인강좌,,,0
41,경기,41390,시흥시,하나더하기,24314892,15049,경기도 시흥시 마유로 416,월드프라자 지하1층 하나더하기,3,기타종목,126.7412732,37.3515998,장애인강좌,,,0
41,경기,41150,의정부시,하늘꿈아동발달센터,318266707,11654,의정부시 신흥로173,"다인빌딩 2층,301호",21,탁구,127.0433255,37.7315326,장애인강좌,,,0
41,경기,41360,남양주시,대건합기도,315911397,12151,경기도 남양주시 호평로 94,"후문상가 301(호평동, 금강아파트)",75,합기도,127.2512169,37.6555417,장애인강좌,,,0
41,경기,41270,안산시,다지기 아동발달센터,24162086,15540,경기도 안산시 상록구 샘골로 119,우석프라자 2층,9,배드민턴,126.8627254,37.2945549,장애인강좌,,,0
41,경기,41110,수원시,한국아동청소년발달센터,312247456,16570,수원시 권선구 경수대로 401,KT남수원 2층,3,기타종목,127.0242271,37.2626085,장애인강좌,,,0
41,경기,41150,의정부시,녹양경기태권도,318556900,11610,경기도 의정부시 체육로 304,녹양프라자 7층 경기태권도(녹양동),22,태권도,127.0413705,37.7609825,장애인강좌,,,0
41,경기,41130,성남시,내아이발달센터,7076042468,13646,경기도 성남시 수정구 위례광장로 19,"708호,710호,711호(창곡동)",3,기타종목,127.1404574,37.4656896,장애인강좌,,,0
41,경기,41220,평택시,한일경희태권도,316623223,17735,경기도 평택시 이충로 35번길 24,보람플러스 5층,22,태권도,127.0665026,37.059638,장애인강좌,,,0
41,경기,41280,고양시,함께하는우리,29077726,10359,경기도 고양시 일산동구 대산로 20,501호(정발산동),10,볼링,126.7742686,37.6701521,장애인강좌,,,0
41,경기,41130,성남시,꿈나무태권도,3180171611,13533,경기도 성남시 분당구 동판교로 59,자유퍼스트프라자1동 1층(백현동),22,태권도,127.115058,37.3883538,장애인강좌,,,0
41,경기,41590,화성시,해누리센터,316131002,18428,경기도 화성시 10용사로 316,5층 해누리센터(능동),3,기타종목,127.052448,37.1992302,장애인강좌,,,0
41,경기,41110,수원시,꿈나무인지언어연구소,312544888,16261,수원시 팔달구 행궁로 77,송산빌딩 2층,3,기타종목,127.0158851,37.2757504,장애인강좌,,,0
41,경기,41110,수원시,꿈나무심리언어연구소,312544888,16310,경기도 수원시 장안구 정조로 988,조원샤르망 212호(조원동),3,기타종목,127.0102203,37.2951272,장애인강좌,,,0
41,경기,41570,김포시,해든누리,278570315,10086,경기도 김포시 김포한강3로 287,2층 해든누리(장기동),3,기타종목,126.6597786,37.6413772,장애인강좌,,,0
41,경기,41280,고양시,해바라기아동교육센터,319676976,10461,경기 고양시 덕양구 호국로777(대근빌딩),대근빌딩 2.3층,3,기타종목,126.8351441,37.6560085,장애인강좌,,,0
41,경기,41460,용인시,행복한골프연습장,312650347,16837,경기도 용인시 수지구 풍덕천로139번길 16-3,일신빌딩5층,2,골프,127.0960413,37.3252499,장애인강좌,,,0
41,경기,41210,광명시,행복한동행 경희대도담태권도장,226878995,14294,경기도 광명시 광화로 22,로얄프라자4층 401호(광명동),22,태권도,126.8489515,37.4735695,장애인강좌,,,0
41,경기,41220,평택시,권의성태권도장,26571576,17904,경기도 평택시 조개터로42번길 66,3층 권의성태권도장(합정동),22,태권도,127.1063077,36.9900201,장애인강좌,,,0
41,경기,41360,남양주시,화도체육문화센터,25601293,12178,경기도 남양주시 화도읍 수레로 1259,화도체육문화센터,12,수영,127.3011741,37.6496096,장애인강좌,,,0
41,경기,41590,화성시,화성시 아르딤복지관,3151838900,18588,경기도 화성시 향남읍 도이1길 104,화성시 아르딤복지관,3,기타종목,126.9207204,37.1368708,장애인강좌,,,0
41,경기,41590,화성시,화성시동탄아르딤복지관,3180770800,18489,경기도 화성시 동탄대로10길 17-12,화성시동탄아르딤복지관 18489(산척동),25,헬스,127.1078043,37.176722,장애인강좌,,,0
41,경기,41110,수원시,굿컴퍼니(별별생활체육센터 수원점),312912171,16398,경기도 수원시 권선구 금호로23번길 21,슬로피아 1층(금곡동),3,기타종목,126.9541719,37.2698021,장애인강좌,,,0
41,경기,41170,안양시,국가대표 명학태권도장,313486988,14093,경기도 안양시 만안구 성결대학로 14,2층 명학태권도(안양동),22,태권도,126.9324532,37.3832664,장애인강좌,,,0
41,경기,41310,구리시,구리시장애인종합복지관,315620068,11940,경기도 구리시 이문안로 86-1,구리시장애인종합복지관(수택동),7,댄스,127.1410825,37.5915575,장애인강좌,,,0
41,경기,41270,안산시,라온치료교육센터,24018005,15455,경기도 안산시 단원구 원포공원1로 59,A동 310호,3,기타종목,126.8112339,37.3024976,장애인강좌,,,0
41,경기,41630,양주시,휴먼앤홀스랜드승마장,318689594,11428,경기도 양주시 은현면 용암로 265번길 139-46,,71,승마,127.0503737,37.876006,장애인강좌,,,0
41,경기,41280,고양시,온누림 코리아 라인댄스,283894000,10382,경기도 고양시 일산서구 호수로 898,대명 아파트 단지내상가 1-1 알부(B호)(대화동),7,댄스,126.7438667,37.6726814,장애인강좌,,,0
41,경기,41150,의정부시,영웅태권도전문도장,318375657,11639,경기도 의정부시 호암로 237,고구려빌딩3층영웅태권도장(호원동),22,태권도,127.0446465,37.7216326,장애인강좌,,,0
41,경기,41280,고양시,고양시 덕양행신장애인주간보호센터,318396100,10486,경기도 고양시 덕양구 서정마을2로 13,행신종합사회복지관 1층 고양시덕양행신장애인주간보호센터,3,기타종목,126.8471263,37.6213823,장애인강좌,,,0
41,경기,41800,연천군,희망체육관,3100000000,11033,경기도 연천군 전곡읍 은전로 82-28,희망체육관,22,태권도,127.0688406,38.0278532,장애인강좌,,,0
41,경기,41270,안산시,루루태권스쿨,315026167,15495,경기도 안산시 상록구 중보로 23,501호(이동),22,태권도,126.8499178,37.3062163,장애인강좌,,,0
41,경기,41110,수원시,경희대석사성호태권도,312157687,16493,경기도 수원시 팔달구 권광로 373,"월드메르디앙주상가 121동 304,305호(우만동, 월드메르디앙 아파트)",22,태권도,127.0340698,37.2808409,장애인강좌,,,0
41,경기,41410,군포시,경희대석사선무태권도장,24512184,15831,경기도 군포시 당산로125번길 29-2,삼정빌딩,22,태권도,126.9435752,37.3617335,장애인강좌,,,0
41,경기,41150,의정부시,경희대대한민국태권도,318551952,11632,경기도 의정부시 백석로68번길 27,호원프라자 3층 경희대석사 대한민국태권도,22,태권도,127.0456593,37.7285468,장애인강좌,,,0
41,경기,41150,의정부시,경원태권도장,318443989,11689,경기도 의정부시 태평로145번길 42,경원태권도장(의정부동),22,태권도,127.0482435,37.745386,장애인강좌,,,0
41,경기,41360,남양주시,남양주체육문화센터,315601301,12244,경기도 남양주시 다산지금로 91,남양주체육문화센터(이패동),12,수영,127.176445,37.6067631,장애인강좌,,,0
41,경기,41220,평택시,sta경희대삼성태권도,316535112,17852,경기도 평택시 평남로 933,태성빌딩 5층(비전동),22,태권도,127.104851,37.0040516,장애인강좌,,,0
41,경기,41610,광주시,src재활체육관,317993893,12728,경기 광주시 초월읍 경수길 25,SRC재활체육관,12,수영,127.2871428,37.4200418,장애인강좌,,,1
41,경기,41360,남양주시,M핫요가,315920288,12054,경기도 남양주시 진접읍 경복대로 253,진접메디컬센터 6층,78,요가,127.2027807,37.7211991,장애인강좌,,,0
41,경기,41590,화성시,꿈자라다운동발달센터,313751442,18478,경기도 화성시 동탄대로19길 10,신유메디프라자 308호(오산동),3,기타종목,127.0977682,37.1971942,장애인강좌,,,0
41,경기,41150,의정부시,용인대인성태권도,318290827,11608,경기도 의정부시 진등로 6,상승빌딩4층(녹양동),22,태권도,127.0328177,37.7585736,장애인강좌,,,0
41,경기,41390,시흥시,다니생활체육관,314116303,14988,경기도 시흥시 마산로 43,다니생활체육관(조남동),3,기타종목,126.8565011,37.3757257,장애인강좌,,,0
41,경기,41220,평택시,"GMA해동검도,합기도",316652587,17756,경기도 평택시 경기대로 1525,"2층 GMA해동검도,합기도(지산동)",75,합기도,127.0622994,37.0805094,장애인강좌,,,0
41,경기,41170,안양시,AY-GYM,313884855,14072,경기도 안양시 동안구 평촌대로227번길 48,승진빌딩 지하1층(호계동),76,복싱,126.9528098,37.3910978,장애인강좌,,,0
41,경기,41650,포천시,포천유나이티드,,11155,경기도 포천시 군내면 청군로 3164,직두리 체육공원,20,축구,127.2270819,37.8803642,장애인강좌,,,0
41,경기,41360,남양주시,강무합기도 사능도장,315743002,12133,경기도 남양주시 진건읍 진건오남로 83,용정빌딩2층,75,합기도,127.1780437,37.6581649,장애인강좌,,,0
41,경기,41130,성남시,(주)꿈자라다,317191441,13522,경기도 성남시 분당구 야탑로 32,삼부빌딜 4층(야탑동),3,기타종목,127.1226151,37.4087827,장애인강좌,,,0
41,경기,41110,수원시,마음뜰clinic 운동발달센터,7088332963,16339,경기도 수원시 장안구 대평로 128,파크프라자 4층 404호(정자동),3,기타종목,126.9912375,37.2989833,장애인강좌,,,0
41,경기,41590,화성시,마음뜰 clinic 아동청소년 발달센터,3151833883,18303,경기도 화성시 봉담읍 동화길 51,프리미엄 원희캐슬 3층 324호,3,기타종목,126.9554909,37.2190315,장애인강좌,,,0
41,경기,41630,양주시,인아휘트니스,318570052,11456,경기도 양주시 고암길 358,5층 인아휘트니스(덕정동),25,헬스,127.0656471,37.8346999,장애인강좌,,,0
41,경기,41450,하남시,이룸움직임발달센터,,12959,경기도 하남시 신장로 94,호정빌딩 8층(신장동),21,탁구,127.2076941,37.5371178,장애인강좌,,,0
41,경기,41430,의왕시,메인체육센터,23421282,16074,경기도 의왕시 경수대로 257, 7층 705호,3,기타종목,126.9726591,37.3491604,장애인강좌,,,0
41,경기,41460,용인시,을지대학교 산학협력단,27407528,16821,경기도 용인시 수지구 수풍로71번길 17,에스제이아쿠아 1층(동천동),12,수영,127.0910479,37.3311504,장애인강좌,,,0
42,강원,42110,춘천시,제일체육관,332429977,24277,강원도 춘천시 춘천로296번길 13,2층 한양대제일체육관(후평동),22,태권도,127.7467031,37.8801702,장애인강좌,,,0
42,강원,42130,원주시,태권도현대체육관,337453125,26318,강원도 원주시 흥양로18번길 35,조이프라자 3층(태장동),22,태권도,127.9503932,37.3803182,장애인강좌,,,0
42,강원,42750,영월군,사단법인 영월군스포츠클럽,333751090,26237,강원도 영월군 영월읍 제방안길 100,스포츠파크 하늘샘체육관 1층,9,배드민턴,128.4618326,37.1757536,장애인강좌,,,0
42,강원,42110,춘천시,주재현휘트니스 ,332646644,24390,강원도 춘천시 퇴계로 213,302호(석사동),3,기타종목,127.7423196,37.8566282,장애인강좌,,,0
42,강원,42110,춘천시,호반태권마스타 석사체육관,332623959,24404,강원도 춘천시 동내면 춘천순환로 70,2층 석사태권도,22,태권도,127.7516558,37.8553685,장애인강좌,,,0
42,강원,42750,영월군,영월군장애인체육협의회,333733434,26227,강원도 영월군 영월읍 단종로 24,영월문화원,78,요가,128.4681885,37.1860192,장애인강좌,,,0
42,강원,42110,춘천시,GX짱가휘트니스 ,332577283,24209,강원도 춘천시 동면 춘천로 455,4층,3,기타종목,127.7553096,37.8928364,장애인강좌,,,0
42,강원,42110,춘천시,국민체육센터,22647304,24327,강원도 춘천시 우석로 102-3,국민체육센터(석사동),12,수영,127.7566647,37.8626403,장애인강좌,,,0
42,강원,42130,원주시,리틀자이언트,337461105,26455,강원도 원주시 행구로 397-4,가동,3,기타종목,128.0007762,37.344035,장애인강좌,,,0
42,강원,42110,춘천시,더행복한잇층가필라테스,332641379,24390,강원도 춘천시 퇴계로 199,경림빌딩 2층 잇츠요가필라테스(석사동),78,요가,127.7407409,37.8570916,장애인강좌,,,0
42,강원,42110,춘천시,특공무술 국제연맹 체육관,,24254,강원도 춘천시 후석로 393,특공무술 체육관 2층(후평동),3,기타종목,127.7463833,37.8853328,장애인강좌,,,0
42,강원,42130,원주시,한빛체육관,337347177,26312,강원도 원주시 북원로 2870,2층 한빛체육관(태장동),22,태권도,127.9529076,37.3991328,장애인강좌,,,0
42,강원,42110,춘천시,두미르태권도장,332521357,24231,강원도 춘천시 영서로 2756번길 8-1,1층,22,태권도,127.7291836,37.8990986,장애인강좌,,,0
42,강원,42110,춘천시,효검관,22557656,24372,강원도 춘천시 남춘로 47,덕호빌딩2층(효자동),1,검도,127.7319974,37.8652157,장애인강좌,,,0
42,강원,42750,영월군,영월군장애인체육협의회,333756556,26237,강원도 영월군 영월읍 제방안길 100,영월볼링장,10,볼링,128.4618326,37.1757536,장애인강좌,,,0
42,강원,42110,춘천시,춘천유도관,22636507,24424,강원도 춘천시 안마산로 222(퇴계동),4층,17,유도,127.7383804,37.8492274,장애인강좌,,,0
43,충북,43110,청주시,차돌합기도,22141222,28145,충청북도 청주시 청원구 내수읍 청암로 73,갤러리타워 2층,75,합기도,127.5378768,36.7247316,장애인강좌,,,0
43,충북,43110,청주시,태경태권도,432931313,28778,충청북도 청주시 상당구 무농정로 99,삼일상가301(용암동),22,태권도,127.5118089,36.6106412,장애인강좌,,,0
43,충북,43110,청주시,비타민휘트니스헬스클럽,432328602,28416,충청북도 청주시 흥덕구 증안로 54,4층(복대동),25,헬스,127.4293967,36.6363338,장애인강좌,,,0
43,충북,43110,청주시,운동과학연구센터(청주),432147173,28332,충북 청주시 청원구 율봉로 176번길 19,영광빌딩 3층(율량동),3,기타종목,127.4885272,36.66775,장애인강좌,,,0
43,충북,43750,진천군,우주태권도체육관,435343557,27832,충청북도 진천군 진천읍 상산로 60,우주태권도,22,태권도,127.4406905,36.854401,장애인강좌,,,0
43,충북,43110,청주시,NAC한국에어로빅,432220776,28782,충청북도 청주시 상당구 월평로 224,2012 4층(용암동),14,에어로빅,127.5079434,36.6076864,장애인강좌,,,0
43,충북,43110,청주시,한벌태권도,432688808,28560,충청북도 청주시 흥덕구 봉명로 239,2층 한벌태권도(봉명동),22,태권도,127.468196,36.6399556,장애인강좌,,,0
43,충북,43110,청주시,거북이운동센터,432215526,28728,충청북도 청주시 상당구 중고개로 285,4층(금천동),3,기타종목,127.5079708,36.6280478,장애인강좌,,,0
43,충북,43130,충주시,원(one)인라인스쿨,7077832441,27382,충청북도 충주시 금봉대로 397,"상가지하동(안림동, 안림엘지아파트)",6,롤러인라인,127.9453429,36.9703457,장애인강좌,,,0
43,충북,43130,충주시,람보헬스,438462445,27384,충청북도 충주시 천변로 261,4층,25,헬스,127.9361384,36.9728192,장애인강좌,,,0
43,충북,43130,충주시,거북이운동언어심리센터,438485526,27351,충청북도 충주시 동수2길 45,3층,25,헬스,127.9390794,36.9862442,장애인강좌,,,0
43,충북,43110,청주시,바른합기도키즈스쿨,432144548,28327,충청북도 청주시 청원구 율봉로 197,2층(율량동),75,합기도,127.4909285,36.6688257,장애인강좌,,,0
43,충북,43770,음성군,음성군근로자종합복지관,438811111,27665,충청북도 음성군 대소면 대화3길 13-14,음성군근로자종합복지관,12,수영,127.4960615,36.9656959,장애인강좌,,,0
43,충북,43150,제천시,하늘아래체육센터,7075559199,27146,충북 제천시 신죽하로143 2동,1층,3,기타종목,128.2154729,37.1603581,장애인강좌,,,0
43,충북,43110,청주시,내수택견전수관,432184566,28143,충북 청주시 청원구 내수읍 내수로 627(내수리 241),신한 상가 2층,3,기타종목,127.5290839,36.7197049,장애인강좌,,,0
43,충북,43770,음성군,고려금빛태권도장,438730537,27702,충청북도 음성군 음성읍 시장로 61,태영상가2층 201호(태영아파트),22,태권도,127.693841,36.9332278,장애인강좌,,,0
43,충북,43745,증평군,고려대강호체육관,438385557,27932,충청북도 증평군 증평읍 장동길 20,고려대강호체육관,75,합기도,127.587907,36.7851093,장애인강좌,,,0
43,충북,43130,충주시,고려연수체육관,438523500,27352,충청북도 충주시 연수동산로 7,금영빌딩 4층 고려연수체육관(연수동),22,태권도,127.9417759,36.9832641,장애인강좌,,,0
43,충북,43130,충주시,(주)애플스포츠,438541919,27426,충청북도 충주시 삼원로 75,"1층,2층(봉방동)",6,롤러인라인,127.9205882,36.9736036,장애인강좌,,,0
43,충북,43110,청주시,흑추관합기도 사천도장,432120122,28339,충청북도 청주시 청원구 공항로141번길 58,4층 흑추관합기도 사천도장(율량동),75,합기도,127.4814069,36.6685967,장애인강좌,,,0
43,충북,43110,청주시,용암검도관,22857722,28763,충북 청주시 상당구 용암북로 120번길 31-1,리베로빌딩 5층,1,검도,127.5123816,36.6194403,장애인강좌,,,0
43,충북,43130,충주시,영웅체육관,428464624,27481,충청북도 충주시 호암대로 128,영웅합기도장  1층(호암동),75,합기도,127.9394774,36.9575073,장애인강좌,,,0
43,충북,43110,청주시,크로스스포츠아카데미,22154799,28341,충북 청주시 청원구 사천동 203-1,크로스스포츠아카데미,20,축구,127.4714854,36.6654779,장애인강좌,,,0
43,충북,43110,청주시,스카이탁구클럽,432867330,28744,충청북도 청주시 상당구 산성로98번길 32,5층 스카이탁구클럽(금천동),21,탁구,127.5050512,36.63094,장애인강좌,,,0
43,충북,43110,청주시,경희대웅비태권도,22224747,28544,충청북도 청주시 상당구 교서로 60,1층,22,태권도,127.4859487,36.6420392,장애인강좌,,,0
43,충북,43110,청주시,탁구매니아,432684158,28320,충청북도 청주시 청원구 율량로190번길 15,이삼빌딩4층(율량동),21,탁구,127.4979392,36.6656178,장애인강좌,,,0
44,충남,44800,홍성군,서울스포렉스,416316161,32219,충청남도 홍성군 홍성읍 의사로52번길 15-3,서울스포렉스,12,수영,126.6728077,36.6023925,장애인강좌,,,0
44,충남,44130,천안시,백석대학교 산학협력단,25502973,31065,충남 천안시 동남구 문암로 76,백석체육관 320호,3,기타종목,127.1813742,36.8411545,장애인강좌,,,0
44,충남,44180,보령시,정심체육관,419331717,33447,충청남도 보령시 주교면 보령북로 404,정심체육관,9,배드민턴,126.5868875,36.3783654,장애인강좌,,,1
44,충남,44270,당진시,원 당구클럽,413536661,31706,충청남도 당진시 석문면 대호만로 1770,2층,3,기타종목,126.5354455,37.0146454,장애인강좌,,,0
44,충남,44710,금산군,백마태권도,,32742,충청남도 금산군 금산읍 남사직3길 8,1층(고센하우스),22,태권도,127.4784434,36.1064695,장애인강좌,,,0
44,충남,44130,천안시,월드짐,415757878,31184,충청남도 천안시 동남구 일봉로 8,학산빌딩 4층(신방동),25,헬스,127.1294022,36.7933496,장애인강좌,,,0
44,충남,44150,공주시,용인대아이짐태권도,,32579,충청남도 공주시 번영1로 179,동부신협4층 용인대아이짐태권도(신관동),22,태권도,127.1473539,36.4740998,장애인강좌,,,0
44,충남,44810,예산군,능금탁구교실,413313959,32429,충남 예산군 예산읍 산성공원1길 27,2층 능금탁구교실,21,탁구,126.8329808,36.6925238,장애인강좌,,,0
44,충남,44130,천안시,나사렛대학교산학협력단APA센터,415701524,31172,충남 천안시 서북구 월봉로 48,제2창학관 지하1층 APA센터 ,3,기타종목,127.119583,36.7962396,장애인강좌,,,0
44,충남,44230,논산시,문경휘트니스,417348801,32974,충청남도 논산시 중앙로410번길 6,2층 문경휘트니스(취암동),25,헬스,127.0890274,36.2006499,장애인강좌,,,0
44,충남,44800,홍성군,탁구사랑탁구장,416311155,32220,충청남도 홍성군 홍성읍 조양로205번길 24,탁구사랑,21,탁구,126.6730185,36.600576,장애인강좌,,,0
44,충남,44800,홍성군,홍성군장애인스포츠센터,416319110,32216,충청남도 홍성군 홍성읍 홍덕서로 78,홍성군장애인스포츠센터,25,헬스,126.64375,36.6068154,장애인강좌,,,1
44,충남,44150,공주시,금성복싱클럽,418587989,32583,충청남도 공주시 공주대학로 85,3층 금성복싱클럽(신관동),76,복싱,127.1374812,36.4726107,장애인강좌,,,0
44,충남,44130,천안시,MS스포츠연구센터,,31161,충남 천안시 서북구 봉서산샛길64,뜨란채@ 주상가동 B102호,22,태권도,127.1194111,36.8057292,장애인강좌,,,0
44,충남,44130,천안시,운동과학연구센터,415677173,31096,충남 천안시 서북구 한들1로 34,더존빌딩 4층,12,수영,127.1161144,36.8254588,장애인강좌,,,0
44,충남,44200,아산시,캐슬어울림태권도사관학교,25329808,31528,충청남도 아산시 모종남로22번길 8,캐슬타워 4층 402호(모종동),22,태권도,127.0213285,36.7792459,장애인강좌,,,0
44,충남,44710,금산군,국제체육관,27549070,32737,충남 금산군 금산읍 오리정1길 52,다경빌딩 3층,22,태권도,127.4885337,36.1044641,장애인강좌,,,0
44,충남,44130,천안시,천안시장애인종합체육관,415587356,31068,충남 천안시 동남구 향교1길 104-38,천안시장애인종합체육관,25,헬스,127.1693272,36.8135896,장애인강좌,,,1
44,충남,44210,서산시,서산시운동재활연구센터,416696761,32010,충청남도 서산시 수석1길 50,서산시운동재활연구센터(수석동),3,기타종목,126.4910012,36.7709687,장애인강좌,,,0
44,충남,44825,태안군,훼미리볼링장,416740300,32141,충청남도 태안군 태안읍 독샘로 100,2층 훼미리볼링장,10,볼링,126.299031,36.7554739,장애인강좌,,,0
44,충남,44760,부여군,부여군합기도협회,,33133,충청남도 부여군 부여읍 성왕로 333,2층 부여군합기도협회,75,합기도,126.9242055,36.2839272,장애인강좌,,,0
44,충남,44180,보령시,보령태권도체육관,419333220,33471,충청남도 보령시 명천중앙길 14,2층 보령태권도(명천동),22,태권도,126.6016536,36.3439549,장애인강좌,,,0
44,충남,44130,천안시,종합격투기PENTAGON GYM,415665009,31089,충청남도 천안시 서북구 두정고6길 32,SM빌딩3층(두정동),3,기타종목,127.1330862,36.8357094,장애인강좌,,,0
44,충남,44180,보령시,보령시장애인보호작업장,419350440,33484,충청남도 보령시 양지뜸길 5,(명천동),3,기타종목,126.6100031,36.3285959,장애인강좌,,,0
44,충남,44180,보령시,장웅태권도장,419329595,33453,충청남도 보령시 청수로길 74,장웅태권도장(대천동),22,태권도,126.5887346,36.3535882,장애인강좌,,,0
44,충남,44200,아산시,아산시장애인복지관,25457727,31501,충남 아산시 곡교천로27번길 12,아산시장애인복지관,12,수영,126.9839175,36.7884554,장애인강좌,,,1
44,충남,44200,아산시,아산탁구장,25323366,31491,충청남도 아산시 배방읍 북수서로 48-8,삼성 디지털프라자 3층(아산탁구장),21,탁구,127.0704036,36.7746457,장애인강좌,,,0
44,충남,44200,아산시,아이같이 운동발달센터,415342522,31526,충남 아산시 번영로224번길 37,2층 아이같이운동발달센터(모종동),3,기타종목,127.0147515,36.7809687,장애인강좌,,,0
44,충남,44825,태안군,(주)엠엔제이 정석볼링장,26740880,32142,충남 태안군 태안읍 환동로 31-14,정석볼링장,10,볼링,126.2916948,36.7494849,장애인강좌,,,0
44,충남,44800,홍성군,고려태권도,416315477,32229,충청남도 홍성군 홍성읍 조양로 32,2층,22,태권도,126.6581958,36.5979869,장애인강좌,,,0
44,충남,44200,아산시,아쿠아마린어린이수영장,414252111,31470,충청남도 아산시 배방읍 희망로46번길 45-31,B1층 아쿠아마린어린이수영장,12,수영,127.1068279,36.7917602,장애인강좌,,,0
44,충남,44825,태안군,백화상무태권도,416751641,32140,충청남도 태안군 태안읍 다락미1길 12,백화상무태권,22,태권도,126.3040733,36.7533711,장애인강좌,,,0
44,충남,44150,공주시,웅진태권도 ,418528836,32563,충청남도 공주시 웅진로 146,3층(중동),22,태권도,127.1244913,36.4532706,장애인강좌,,,0
45,전북,45180,정읍시,김소희댄스아카데미,635338808,56174,전라북도 정읍시 수성택지7길 16-10,2층(수성동),7,댄스,126.8575564,35.5819417,장애인강좌,,,0
45,전북,45710,완주군,완주체육관,632625574,55311,전라북도 완주군 고산면 고산로 144,1,22,태권도,127.212708,35.9739213,장애인강좌,,,0
45,전북,45110,전주시,한국체대박사태권도,22550244,54938,전라북도 전주시 덕진구 숲정이로 47,한국체대박사태권도(진북동),22,태권도,127.1328472,35.8324126,장애인강좌,,,0
45,전북,45110,전주시,웰니스업,632837887,55073,전라북도 전주시 완산구 원효자길 20,웰니스업(효자동2가),12,수영,127.0908851,35.7977304,장애인강좌,,,0
45,전북,45140,익산시,초아무용학원,,54637,전라북도 익산시 무왕로 1058,4층 초아무용학원(영등동),77,발레,126.9744398,35.9581917,장애인강좌,,,0
45,전북,45140,익산시,합기도하늘체육관,638419008,54659,전북 익산시  모현동 1가 262-7,"전북 익산시 고현로89,301호 합기도하늘체육관",75,합기도,126.9428524,35.9450764,장애인강좌,,,0
45,전북,45110,전주시,석사백제태권도,22252425,55048,전라북도 전주시 완산구 따박골6길 44,하나빌딩2층(중화산동2가),22,태권도,127.1284266,35.8105683,장애인강좌,,,0
45,전북,45140,익산시,"선무도장(특공무술,해동검도)",638319949,54545,전라북도 익산시 고봉로34길 42,2층(영등동),3,기타종목,126.9757766,35.9600815,장애인강좌,,,0
45,전북,45140,익산시,하나태권도장,638333337,54560,전라북도 익산시 부송로 64-25,2층 하나태권도장(부송동),22,태권도,126.9920956,35.9576035,장애인강좌,,,0
45,전북,45180,정읍시,호림태권도장(정읍),25353375,56175,전라북도 정읍시 수성2로 27-12,일화빌딩2층 호림태권도장(수성동),22,태권도,126.8553367,35.5826583,장애인강좌,,,0
45,전북,45710,완주군,도복의 바람소리가 울려 퍼지는 TOP태권도,632626611,55328,전라북도 완주군 봉동읍 봉동동서로 76,상가2층(봉동2차 명진로얄아파트),22,태권도,127.1617721,35.9357774,장애인강좌,,,0
45,전북,45110,전주시,희망찬코리아,632268828,55086,전라북도 전주시 완산구 삼천천변1길 17,"지하 101호, 희망찬재활스포츠타운(삼천동1가)",12,수영,127.1126531,35.7954128,장애인강좌,,,0
45,전북,45140,익산시,우석대동산태권도,638557740,54608,전북 익산시 동천로 81-19,3층 우석대 동산 태권도 ,22,태권도,126.9705074,35.9302936,장애인강좌,,,0
45,전북,45130,군산시,그린OA시스템,24627559,54103,전라북도 군산시 상지곡안3길 31,지곡동,2,골프,126.7091311,35.9586095,장애인강좌,,,0
45,전북,45110,전주시,이화댄스아카데미(with 탑째즈에어로빅),22422470,55017,전북 전주시 덕진구 석소로 84,윤현빌딩 6층,14,에어로빅,127.1677958,35.8345119,장애인강좌,,,0
45,전북,45110,전주시,헤라휘트니스,632881138,55102,전라북도 전주시 완산구 공수내로 9,3층 헤라휘트니스(서서학동),25,헬스,127.1484865,35.8045936,장애인강좌,,,0
45,전북,45110,전주시,하엘언어청각센터,632361456,55062,전북 전주시 완산구 효자동2가 1319-2번지,성심빌딩 602호,3,기타종목,127.1031034,35.8083244,장애인강좌,,,0
45,전북,45130,군산시,아이드림운동발달연구소,634651774,54129,전라북도 군산시 대학로 342,동아26빌딩 지하1층(나운동),20,축구,126.6930378,35.9635241,장애인강좌,,,0
45,전북,45110,전주시,힐링휘트니스,632429688,55028,전라북도 전주시 덕진구 한배미로 74,2층 힐링휘트니스(우아동1가),25,헬스,127.170831,35.8268364,장애인강좌,,,0
45,전북,45130,군산시,볼러스레인(군산점),634630925,54134,전라북도 군산시 나운로 4,지하1층 1~49호(문화동)(문화동),10,볼링,126.7053882,35.9701354,장애인강좌,,,0
45,전북,45210,김제시,김제시국민체육센터볼링장,635425983,54368,전라북도 김제시 도작로 224-121,국민체육센터볼링장(검산동),10,볼링,126.9034056,35.8123567,장애인강좌,,,0
45,전북,45140,익산시,웅비태권도장,638429078,54655,전라북도 익산시 선화로23길 40,"이화아파트상가 웅비태권도장(모현동1가, 이화모현아파트)",22,태권도,126.9481545,35.9517545,장애인강좌,,,0
45,전북,45140,익산시,사단법인한국운동재활협회 익산지회 ,638359050,54545,전라북도 익산시 무왕로13길 17,4층(영등동),3,기타종목,126.9765494,35.9600938,장애인강좌,,,0
45,전북,45110,전주시,전주복싱 멋짐 킥복싱무에타이 국제,632251929,55122,전라북도 전주시 완산구 모악로 4746,태양빌딩4층 멋짐(평화동1가),76,복싱,127.132257,35.793054,장애인강좌,,,0
45,전북,45180,정읍시,초원태권도 체육관,635354470,56160,전북 정읍시 연지동 259-47번지,초원체육관,22,태권도,126.8460331,35.570666,장애인강좌,,,0
46,전남,46710,담양군,전남체육관,613837615,57318,전남 담양군 수북면 진등길 8,,22,태권도,126.9321301,35.3001241,장애인강좌,,,0
46,전남,46230,광양시,부영국제빙상장,617618600,57764,전라남도 광양시 광양읍 순광로 482-7,부영국제빙상장,11,빙상,127.5706589,34.9617289,장애인강좌,,,0
46,전남,46110,목포시,목포시장애인태권도협회,612426868,58724,전라남도 목포시 호남로24번길 6,1층(남교동),22,태권도,126.3810417,34.7947079,장애인강좌,,,0
46,전남,46150,순천시,한라태권도장,617411900,57966,전라남도 순천시 이수로 224-9(덕암동),1층,22,태권도,127.5097574,34.9514902,장애인강좌,,,0
46,전남,46720,곡성군,심청볼링장,613625005,57541,전라남도 곡성군 곡성읍 읍내2길 14,심청볼링장,10,볼링,127.2904425,35.2776231,장애인강좌,,,0
46,전남,46890,완도군,완도수영장,615505452,59126,전라남도 완도군 완도읍 중앙길 37,완도수영장,12,수영,126.7592489,34.3131688,장애인강좌,,,0
46,전남,46110,목포시,건강나눔평생교육원,612727727,58726,전남 목포시 수문로 57,4층,3,기타종목,126.3803785,34.7936562,장애인강좌,,,0
46,전남,46110,목포시,건강활동지원협동조합,612721333,58644,전라남도 목포시 영산로 413-1,영신관 1층(상동),25,헬스,126.4091375,34.8073583,장애인강좌,,,0
46,전남,46110,목포시,천하효태권도,22774455,58622,전남 목포시 청호로 210,신안비치팔레스 상가 4층 천하효태권도,22,태권도,126.3715311,34.8091486,장애인강좌,,,0
46,전남,46150,순천시,임정심댄스스포츠학원,617421230,57956,전라남도 순천시 시민로 19-1,순천시 장천동 185(장천동),7,댄스,127.4857759,34.9516627,장애인강좌,,,0
46,전남,46150,순천시,순천한국유도관특수체육,27219944,57974,순천시 조례못등2길 11-6번지,1층,3,기타종목,127.5295091,34.9514997,장애인강좌,,,0
46,전남,46150,순천시,해동검도제일도장,617267002,57998,전라남도 순천시 오천4길 21,"상가2층해동검도 제일도장(오천동, 골드클래스)",1,검도,127.4929098,34.9328103,장애인강좌,,,0
46,전남,46230,광양시,광양수영장,617973800,57728,전라남도 광양시 봉강면 명암길 7,광양수영장,12,수영,127.5729862,34.9805314,장애인강좌,,,0
46,전남,46110,목포시,대한합기도승리관 신흥수련관,612810044,58690,전라남도 목포시 신흥로 13,"우성상가 2층 202호(상동, 우성아파트)",75,합기도,126.4215393,34.8025717,장애인강좌,,,0
46,전남,46130,여수시,최희라댄스스포츠,616546663,59708,전라남도 여수시 여문문화1길 38-1,여서동 214-2번지. 3층.(여서동),7,댄스,127.7034381,34.7528788,장애인강좌,,,0
46,전남,46880,장성군,ROAD FC 종합격투기,,57220,전남 장성군 장성읍 역전로 202,지하1층,3,기타종목,126.786722,35.3049828,장애인강좌,,,0
46,전남,46130,여수시,왕호태권도장,26863310,59632,전라남도 여수시 좌수영로 682-28,신동아상가 2층 201호 왕호태권도장(봉계동),22,태권도,127.6923469,34.7848295,장애인강좌,,,0
46,전남,46110,목포시,국제볼링타운,612788014,58639,전남 목포시 청호로 170 ,(청호로),10,볼링,126.3740275,34.8060847,장애인강좌,,,0
46,전남,46800,장흥군,황금당구클럽,618640123,59324,전라남도 장흥군 장흥읍 중앙로1길 11-1,황금당구클럽,3,기타종목,126.9100586,34.6776927,장애인강좌,,,0
46,전남,46110,목포시,남해태권도체육관,612428726,58640,전라남도 목포시 청호로130번길 11-2,3층 남해체육관(산정동),22,태권도,126.3776037,34.8043724,장애인강좌,,,0
46,전남,46860,함평군,조선태권도장,613239968,57153,전라남도 함평군 함평읍 서부길 116,1층 조선태권도장,22,태권도,126.521153,35.0633768,장애인강좌,,,0
46,전남,46790,화순군,올림픽태권도장,613750076,58116,전라남도 화순군 화순읍 중앙로 101,부영3차상가401호,22,태권도,126.9929531,35.0606037,장애인강좌,,,0
46,전남,46110,목포시,스포팅,612742014,58662,전라남도 목포시 옥암로 95,포르모3층 스포팅스포츠(상동),20,축구,126.4254432,34.8073332,장애인강좌,,,0
46,전남,46230,광양시,용호체육관,617615009,57741,전라남도 광양시 광양읍 호북길 26,용호체육관,75,합기도,127.5842747,34.9810617,장애인강좌,,,0
46,전남,46810,강진군,강진스포츠클럽,614337333,59223,전남 강진군 군동면 종합운동장길 60,강진스포츠클럽,12,수영,126.782725,34.6457737,장애인강좌,,,0
46,전남,46130,여수시,커브스 학동클럽,616852330,59672,전라남도 여수시 무선로 6,4층 401호(학동),25,헬스,127.656377,34.7613603,장애인강좌,,,0
46,전남,46830,영암군,MTA태권도,614613579,58459,전라남도 영암군 삼호읍 대불주거로 55-1,3층 MTA태권도,22,태권도,126.4657218,34.7463662,장애인강좌,,,0
46,전남,46900,진도군,진도헬스,,58922,전라남도 진도군 진도읍 남동1길 6-1,3층,25,헬스,126.2589839,34.4815118,장애인강좌,,,0
46,전남,46110,목포시,용인대다윗태권도장,612787856,58711,전라남도 목포시 마파지로27번길 14,3층(대성동),22,태권도,126.382563,34.8006035,장애인강좌,,,0
47,경북,47110,포항시,구남유도체육관,542556565,37726,경상북도 포항시 북구 중앙로 368,2층 구남유도체육관(덕수동),17,유도,129.3650716,36.0453728,장애인강좌,,,0
47,경북,47230,영천시,영남대혁신태권도,543367794,38831,영천시 망정1길 186,영남대혁신태권도,22,태권도,128.9515871,35.9819509,장애인강좌,,,0
47,경북,47840,성주군,슬림휘트니스,549333012,40021,경상북도 성주군 성주읍 성주순환로 130,1층 슬림휘트니스,25,헬스,128.2833571,35.9264525,장애인강좌,,,0
47,경북,47730,의성군,제일국가대표태권도장,548613297,37312,경상북도 의성군 안계면 안계길 128,3층 제일국가대표태권도장,22,태권도,128.4385339,36.3839016,장애인강좌,,,0
47,경북,47920,봉화군,무덕체육관,546732991,36238,봉화군 봉화읍 교촌길 56,3층,22,태권도,128.7374726,36.8874097,장애인강좌,,,0
47,경북,47110,포항시,포스짐특수체육센터,542467976,37583,포항시 북구 법원로63번길 33-8,포스짐특수체육센터,9,배드민턴,129.381575,36.0801912,장애인강좌,,,0
47,경북,47130,경주시,경주국민체육센터,547508560,38072,경북 경주시 유림로 5번길 85-15호,경주국민체육센터,3,기타종목,129.2170901,35.8790444,장애인강좌,,,0
47,경북,47130,경주시,경주시장애인종합복지관(경주시장애인체육관),547770545,38069,경상북도 경주시 유림로5번길 99-11,장애인체육관 2층(황성동),9,배드민턴,129.2183125,35.8802071,장애인강좌,,,1
47,경북,47110,포항시,문화*운동통합센터 같이&가치,546120271,37678,경상북도 포항시 남구 대이로 91,401호(대잠동),3,기타종목,129.3405448,36.0233217,장애인강좌,,,0
47,경북,47110,포항시,포항동해승마장,542844105,37927,포항시 남구 동해면 약전로 115번길 11 ,포항동해승마장,71,승마,129.4483644,35.9798771,장애인강좌,,,0
47,경북,47150,김천시,웅비태권도,554327702,39551,김천시 신음동 1301-3,2층 웅비태권도,22,태권도,128.1211786,36.1330251,장애인강좌,,,0
47,경북,47190,구미시,계명석사태권도장,544635998,39332,경상북도 구미시 박정희로 155,201동 401호 402호(사곡동),22,태권도,128.3513722,36.0936159,장애인강좌,,,0
47,경북,47170,안동시,R&C경희대석사태권도장,548419995,36661,경상북도 안동시 복주1길 5,세영1차상가 301호(옥동),22,태권도,128.6984428,36.5606134,장애인강좌,,,0
47,경북,47190,구미시,계명대 도복사랑 태권도,5479339279,39197,경상북도 구미시 문장로 111,"도량 롯데캐슬 상가 2층(도량동, 도량 롯데캐슬 골드파크)",22,태권도,128.3304526,36.142806,장애인강좌,,,0
47,경북,47110,포항시,포항승마클럽,542491333,37552,포항시 북구 흥해읍 삼흥로 501번길 24-31,포항승마클럽,71,승마,129.3652035,36.098598,장애인강좌,,,0
47,경북,47190,구미시,태백태권도,544413030,39149,경북 구미시 고아읍 문장로 188,원호중앙상가 3층,22,태권도,128.3310649,36.1500564,장애인강좌,,,0
47,경북,47190,구미시,비산태권도,544632211,39244,경북 구미시 비산동 103-1번지,202호,22,태권도,128.3801433,36.120983,장애인강좌,,,0
47,경북,47280,문경시,문경시장애인종합복지관,545560042,36980,문경시 시청2길 34,,3,기타종목,128.186962,36.58739,장애인강좌,,,0
47,경북,47290,경산시,태극체육관,538113314,38641,경산시 경안로 107,2층,22,태권도,128.7383985,35.8170695,장애인강좌,,,0
47,경북,47190,구미시,팀혼종합격투기,544719989,39431,경상북도 구미시 인동중앙로3길 29,405호(황상동),3,기타종목,128.4185173,36.1085343,장애인강좌,,,0
47,경북,47170,안동시,웃음요가원,548233030,36722,경상북도 안동시 경동로 999-14,2층(용상동),78,요가,128.7635134,36.552681,장애인강좌,,,0
47,경북,47170,안동시,이재혁건강복싱,548415138,36665,경상북도 안동시 광명로 212-6,2층(옥동),76,복싱,128.7058696,36.5635735,장애인강좌,,,0
47,경북,47130,경주시,삼성태권도장,547622133,38004,경상북도 경주시 강동면 강동로 66-17,삼성태권도장,22,태권도,129.2770884,35.9916419,장애인강좌,,,0
47,경북,47110,포항시,청심검도관,542757989,37756,경상북도 포항시 북구 중흥로161번길 24-6,청심검도관(죽도동),1,검도,129.3529744,36.0200648,장애인강좌,,,0
47,경북,47150,김천시,청룡태권도,544366960,39649,경상북도 김천시 황산로 113,3층 청룡태권도(지좌동),22,태권도,128.1426651,36.1188524,장애인강좌,,,0
47,경북,47290,경산시,경산수영장,538105467,38637,경상북도 경산시 장산로 201,(상방동),12,수영,128.7472598,35.8208618,장애인강좌,,,0
47,경북,47730,의성군,"합기도, 우슈, 킥복싱 대륜관",548348392,37338,경북 의성군 의성읍 문소3길 44,3층 합기도우슈킥복싱 대륜관,75,합기도,128.6955673,36.3499037,장애인강좌,,,0
47,경북,47170,안동시,미래태권도체육관,548418628,36661,경상북도 안동시 광명로 161,미래태권도(옥동),22,태권도,128.7008872,36.5623461,장애인강좌,,,0
47,경북,47170,안동시,동인검도관,548565551,36660,경상북도 안동시 복주길 34,2층 동인검도관(옥동),1,검도,128.6998642,36.563302,장애인강좌,,,0
47,경북,47110,포항시,문덕탁구클럽,542925630,37886,경상북도 포항시 남구 오천읍 냉천로 350,2층,21,탁구,129.4078977,35.9637525,장애인강좌,,,0
47,경북,47190,구미시,봉곡태권도장,544441444,39210,경상북도 구미시 봉곡남로24길 3,현대아파트 상가3층 봉곡태권도장(봉곡동),22,태권도,128.3164155,36.1507289,장애인강좌,,,0
47,경북,47170,안동시,펀키즈스포츠협동조합,548536996,36691,경상북도 안동시 단원로 214-3,3층 펀키즈(화성동),20,축구,128.7274774,36.5694779,장애인강좌,,,0
47,경북,47730,의성군,계명태권스쿨,548320364,37337,의성군 의성읍 군청길 19-1,,22,태권도,128.6960332,36.3526484,장애인강좌,,,0
47,경북,47110,포항시,이경인탁구교실,542466881,37633,경상북도 포항시 북구 새천년대로1001번길 6-30,이경인탁구교실(창포동),21,탁구,129.3695336,36.0599123,장애인강좌,,,0
47,경북,47190,구미시,구미시장애인체육관,544517976,39319,경북 구미시 공원로 340,구미시장애인체육관,21,탁구,128.3305375,36.1060237,장애인강좌,,,1
47,경북,47170,안동시,한국체육관,548215770,36720,경상북도 안동시 경동로 898-1,2층(용상동),75,합기도,128.7536523,36.5574925,장애인강좌,,,0
48,경남,48310,거제시,거제시장애인복지관,556332942,53244,경상남도 거제시 양정1길 45,성우샤인빌 601호(양정동),3,기타종목,128.646126,34.8693966,장애인강좌,,,0
48,경남,48270,밀양시,밀양검도관,553563473,50438,경상남도 밀양시 미리벌중앙로6길 11,2층(삼문동),1,검도,128.7493163,35.4846125,장애인강좌,,,0
48,경남,48120,창원시,함께걷는발달연구소,552896694,51143,경상남도 창원시 의창구 사림로 63,.,3,기타종목,128.6793481,35.2467947,장애인강좌,,,0
48,경남,48120,창원시,샨티요가원,22526074,51378,경상남도 창원시 의창구 팔용로 428,창원시 의창구 팔용동100번지 드림피아상가305호 샨티요가원(팔용동),78,요가,128.61278,35.2545844,장애인강좌,,,0
48,경남,48120,창원시,김탁구교실,7088148979,51744,경상남도 창원시 마산합포구 해안대로 7,509호. 남부시네마타운(월남동5가),21,탁구,128.5597378,35.1807905,장애인강좌,,,0
48,경남,48310,거제시,해동검도(거제),556879093,53216,경상남도 거제시 국산로 167,영진엘러빌 105호,1,검도,128.6938425,34.8987349,장애인강좌,,,0
48,경남,48120,창원시,해동검도(창원),552880206,51181,경남 창원시 의창구 봉곡동 61-10,,1,검도,128.6594765,35.2456395,장애인강좌,,,0
48,경남,48250,김해시,해동이국민체육센터,553119265,50832,경상남도 김해시 삼계로 136,해동이국민체육센터(삼계동),12,수영,128.8774767,35.2628055,장애인강좌,,,0
48,경남,48270,밀양시,경남태권도체육관,553558905,50445,경상남도 밀양시 가곡7길 9,경남태권도체육관(가곡동),22,태권도,128.7670723,35.4744107,장애인강좌,,,0
48,경남,48270,밀양시,김봉준체육관,553551799,50423,경상남도 밀양시 내이1길 25,2층 김봉준체육관(내이동),76,복싱,128.7461142,35.4966196,장애인강좌,,,0
48,경남,48250,김해시,동광태권도장,553335735,50914,경상남도 김해시 호계로500번길 3-9(동상동),1층,22,태권도,128.8848574,35.2354527,장애인강좌,,,0
48,경남,48220,통영시,KAFA휘트니스,556434661,53041,경상남도 통영시 중앙로 264,송림데파트 상가 5층 501호(북신동),7,댄스,128.4291325,34.8540623,장애인강좌,,,0
48,경남,48250,김해시,커브스 진영클럽,553435330,50862,경상남도 김해시 진영읍 김해대로361번길 16,나경타운 303호,3,기타종목,128.7298955,35.3082271,장애인강좌,,,0
48,경남,48120,창원시,마산고려도장,552429152,51273,경상남도 창원시 마산합포구 노산북6길 22,"서광아파트상가3층(상남동, 상남서광아파트)",22,태권도,128.5723561,35.2139783,장애인강좌,,,0
48,경남,48120,창원시,파샤발레댄스아카데미,552715788,51737,경상남도 창원시 마산합포구 중앙동로 10,"상가 3층 파샤발레댄스아카데미(중앙동2가, 중앙우방아파트)",77,발레,128.567933,35.1960619,장애인강좌,,,0
48,경남,48240,사천시,사천시장애인종합복지관,558300554,52539,경상남도 사천시 용현면 진삼로 447,사천시장애인종합복지관(장애인체육센터),21,탁구,128.0604861,34.9968371,장애인강좌,,,1
48,경남,48120,창원시,창원시장애인종합복지관,552376481,51144,경상남도 창원시 의창구 봉곡로97번길 87,창원시장애인종합복지관(봉곡동),3,기타종목,128.6795397,35.250421,장애인강좌,,,1
48,경남,48250,김해시,오름특수체육연구소,553113161,51016,경상남도 김해시 율하2로 264,한림프라자 2층 오름특수체육연구소(관동동),3,기타종목,128.8209133,35.1773886,장애인강좌,,,0
48,경남,48120,창원시,진해장애인복지관부설장애아동발달지원센터,555400422,51629,경상남도 창원시 진해구 진해대로 1101,진해장애인복지관부설장애아동발달지원센터(풍호동),12,수영,128.7106285,35.1341935,장애인강좌,,,0
48,경남,48120,창원시,진해국민체육센터,557120463,51595,경상남도 창원시 진해구 석동로 66,진해국민체육센터,21,탁구,128.7065728,35.1552077,장애인강좌,,,0
48,경남,48250,김해시,진스드림스포츠,553225467,50839,경상남도 김해시 활천로166번길 23-17,101호,12,수영,128.9022838,35.2394952,장애인강좌,,,0
48,경남,48310,거제시,으라차차거제합기도관,26333029,53249,경상남도 거제시 중곡2로6길 25,2층,75,합기도,128.6292985,34.8934184,장애인강좌,,,0
48,경남,48120,창원시,리틀짐스쿨 태권&댄스,25525553,51648,경상남도 창원시 진해구 동진로157번길 8,1층,22,태권도,128.704051,35.1429604,장애인강좌,,,0
48,경남,48220,통영시,JB스포츠클럽 죽림점,556467147,53019,경상남도 통영시 광도면 죽림2로 11,2층 JB스포츠클럽,3,기타종목,128.4141207,34.880969,장애인강좌,,,0
48,경남,48170,진주시,좋은바디운동교정원gbec,557523266,52805,경상남도 진주시 돗골로93번길 7,1층,3,기타종목,128.1116293,35.1763906,장애인강좌,,,0
48,경남,48250,김해시,일동태권도장,553357770,50957,경상남도 김해시 함박로 102,"오렌지상가301호(외동, 한국2차아파트)",22,태권도,128.8645328,35.2321053,장애인강좌,,,0
48,경남,48120,창원시,리오실내골프연습장,552326631,51237,경상남도 창원시 마산회원구 내서읍 경남대로 913,리오빌딩6층,2,골프,128.5047037,35.2317047,장애인강좌,,,0
48,경남,48120,창원시,베스트헬스,555517522,51638,경상남도 창원시 진해구 자은로88번길 31,"상가2층베스트헬스(자은동, 로즈빌아파트)",25,헬스,128.710913,35.1499668,장애인강좌,,,0
48,경남,48120,창원시,무궁화체육관(태권도),22437855,51260,경상남도 창원시 마산합포구 자산서11길 1,한우아파트상가 2층,22,태권도,128.5591629,35.2017773,장애인강좌,,,0
48,경남,48310,거제시,거제시체육회 수영장,556827331,53322,경남 거제시 장승로 145,거제문화예술회관 별관2층,12,수영,128.7231391,34.8671156,장애인강좌,,,0
48,경남,48220,통영시,박미자심리운동발달센터,29906880,53057,경상남도 통영시 명정고개길 166,박미자심리운동발달센터(명정동),7,댄스,128.4104467,34.8498952,장애인강좌,,,0
48,경남,48120,창원시,한진태권도장,552213947,51749,경상남도 창원시 마산합포구 월영동로 8,"437호(해운동, 대동씨코아)",22,태권도,128.5624755,35.1797591,장애인강좌,,,0
48,경남,48270,밀양시,포텐터짐&팀gj,553559682,50427,경상남도 밀양시 백민로4길 29,축협5층(내이동),3,기타종목,128.7510491,35.4945773,장애인강좌,,,0
48,경남,48120,창원시,마산합포택견전수관,552480262,51255,경상남도 창원시 마산합포구 3.15대로 273,2층,3,기타종목,128.5678495,35.2026898,장애인강좌,,,0
48,경남,48250,김해시,퍼스트클라이밍짐(주),23381707,50902,경상남도 김해시 가야로 212,4층 퍼스트클라이밍짐(주)(삼계동),3,기타종목,128.8720485,35.2586052,장애인강좌,,,0
48,경남,48270,밀양시,한사랑태권도장,23554386,50420,경상남도 밀양시 교동로 6,2층,22,태권도,128.7525485,35.5042274,장애인강좌,,,0
48,경남,48170,진주시,최기수복싱체육관,557431440,52690,경남 진주시 남강로 633,3층 최기수복싱체육관,76,복싱,128.0808039,35.190808,장애인강좌,,,0
50,제주,50110,제주시,동양태권도장,27222409,63321,제주시 지석10길 13-15,동양태권도장,22,태권도,126.5845073,33.5200914,장애인강좌,,,0
50,제주,50110,제주시,스마트댄스컴퍼니,7045481616,63085,제주시 원노형로 93(노형동),부영1차 지하 101호,3,기타종목,126.4857668,33.4802566,장애인강좌,,,0
50,제주,50110,제주시,볼리션 장애인 밸런스 센터,647028716,63206,제주특별자치도 제주시 신성로12길 23,2층(이도이동),25,헬스,126.5315138,33.4953248,장애인강좌,,,0
50,제주,50130,서귀포시,탑홀스 서귀점,,63587,제주특별자치도 서귀포시 동홍동로 35,1층(동홍동),71,승마,126.5746714,33.2581635,장애인강좌,,,0
50,제주,50130,서귀포시,서귀포시장애인종합복지관,647352600,63580,제주특별자치도 서귀포시 인정오름로 24,서귀포시장애인종합복지관(토평동),3,기타종목,126.5845845,33.2869153,장애인강좌,,,0
50,제주,50110,제주시,탑홀스스크린승마신제주점,27458890,63132,제주시 연동4길 16-11,1층 TopHorse 스크린승마장,71,승마,126.4868104,33.4841792,장애인강좌,,,0
50,제주,50110,제주시,도깨비장군활터 (국궁 / 양궁),27477466,63079,제주시 1100로 2894-63(노형동),도깨비장군활터,3,기타종목,126.4872295,33.4512048,장애인강좌,,,0
50,제주,50110,제주시,신광태권도,647447767,63126,제주특별자치도 제주시 도령로11길 18,지하 신광태권도(연동),22,태권도,126.4868527,33.4922144,장애인강좌,,,0
50,제주,50110,제주시,볼리션장애인밸런스센터,647028716,63206,제주특별자치도 제주시 신성로12길 23,2층(이도이동),25,헬스,126.5315138,33.4953248,장애인강좌,,,0
50,제주,50110,제주시,시청무에타이킥복싱체육관 시청지점,647578995,63197,제주특별자치도 제주시 동광로1길 3,시청무에타이킥복싱(이도일동),76,복싱,126.5292307,33.5014911,장애인강좌,,,0
50,제주,50130,서귀포시,승무태권도장,647947449,63510,제주특별자치도 서귀포시 대정읍 상모로 268,25-Oct,22,태권도,126.2606532,33.2236991,장애인강좌,,,0
50,제주,50130,서귀포시,위드운동발달센터,647380933,63566,제주특별자치도 서귀포시 신서로52번길 23,1층 위드운동발달센터(강정동),3,기타종목,126.5066186,33.2553086,장애인강좌,,,0
